Symbol,Yahoo,Section,Yahoo Type,Yahoo Exchange,Stmt Price 2/28/26,Yahoo Last,DOD Price,DOD Price per 2/28 share,DOD Price as traded,F_dod_feb,F_after_feb,Splits since DOD,Method,Flag,high_1205,low_1205,mean_1205,high_1208,low_1208,mean_1208,nav_date,nav
FSCOX,FSCOX,Stock Funds,MUTUALFUND,NAS,23.32,23.63,24.06,24.06,24.06,1.0,1.0,,NAV close 2025-12-05 (§20.2031-8(b)),,,,,,,,2025-12-05,24.059999465942383
FEMKX,FEMKX,Stock Funds,MUTUALFUND,NAS,54.92,61.05,49.19,49.19,49.19,1.0,1.0,,NAV close 2025-12-05 (§20.2031-8(b)),,,,,,,,2025-12-05,49.189998626708984
FLCSX,FLCSX,Stock Funds,MUTUALFUND,NAS,67.11,70.51,64.15,64.15,64.15,1.0,1.0,,NAV close 2025-12-05 (§20.2031-8(b)),,,,,,,,2025-12-05,64.1500015258789
FICQX,FICQX,Stock Funds,MUTUALFUND,NAS,37.71,39.2,37.21,37.21,37.21,1.0,1.0,,NAV close 2025-12-05 (§20.2031-8(b)),,,,,,,,2025-12-05,37.209999084472656
FISZX,FISZX,Stock Funds,MUTUALFUND,NAS,17.47,18.76,14.92,14.92,14.92,1.0,1.0,,NAV close 2025-12-05 (§20.2031-8(b)),,,,,,,,2025-12-05,14.920000076293945
FEMVX,FEMVX,Stock Funds,MUTUALFUND,NAS,19.69,22.46,17.18,17.18,17.18,1.0,1.0,,NAV close 2025-12-05 (§20.2031-8(b)),,,,,,,,2025-12-05,17.18000030517578
FBGRX,FBGRX,Stock Funds,MUTUALFUND,NAS,260.64,312.84,265.92,265.92,265.92,1.0,1.0,,NAV close 2025-12-05 (§20.2031-8(b)),,,,,,,,2025-12-05,265.9200134277344
AEMSX,AEMSX,Stock Funds,MUTUALFUND,NAS,19.02,21.53,17.57,17.57,17.57,1.0,1.0,,NAV close 2025-12-05 (§20.2031-8(b)),,,,,,,,2025-12-05,17.56999969482422
AEMGX,AEMGX,Stock Funds,MUTUALFUND,NAS,32.12,35.87,28.49,28.49,28.49,1.0,1.0,,NAV close 2025-12-05 (§20.2031-8(b)),,,,,,,,2025-12-05,28.489999771118164
CIVVX,CIVVX,Stock Funds,MUTUALFUND,NAS,25.48,25.51,24.64,24.64,24.64,1.0,1.0,,NAV close 2025-12-05 (§20.2031-8(b)),,,,,,,,2025-12-05,24.639999389648438
DFEVX,DFEVX,Stock Funds,MUTUALFUND,NAS,42.55,46.46,37.3,37.3,37.3,1.0,1.0,,NAV close 2025-12-05 (§20.2031-8(b)),,,,,,,,2025-12-05,37.29999923706055
DODFX,DODFX,Stock Funds,MUTUALFUND,NAS,18.14,18.76,16.84,16.84,16.84,1.0,1.0,,NAV close 2025-12-05 (§20.2031-8(b)),,,,,,,,2025-12-05,16.84000015258789
OAKIX,OAKIX,Stock Funds,MUTUALFUND,NAS,34.14,34.93,32.35,32.35,32.35,1.0,1.0,,NAV close 2025-12-05 (§20.2031-8(b)),,,,,,,,2025-12-05,32.349998474121094
HHHFX,HHHFX,Stock Funds,MUTUALFUND,NAS,26.78,29.55,22.85,22.85,22.85,1.0,1.0,,NAV close 2025-12-05 (§20.2031-8(b)),,,,,,,,2025-12-05,22.850000381469727
MGIAX,MGIAX,Stock Funds,MUTUALFUND,NAS,47.85,49.98,46.46,46.46,46.46,1.0,1.0,,NAV close 2025-12-05 (§20.2031-8(b)),,,,,,,,2025-12-05,46.459999084472656
PAEIX,PAEIX,Stock Funds,MUTUALFUND,NAS,17.83,18.55,16.17,16.17,16.17,1.0,1.0,,NAV close 2025-12-05 (§20.2031-8(b)),,,,,,,,2025-12-05,16.170000076293945
PRIUX,PRIUX,Stock Funds,MUTUALFUND,NAS,22.52,23.7,22.82,22.82,22.82,1.0,1.0,,NAV close 2025-12-05 (§20.2031-8(b)),,,,,,,,2025-12-05,22.81999969482422
MISIX,MISIX,Stock Funds,MUTUALFUND,NAS,22.9,22.69,20.65,20.65,20.65,1.0,1.0,,NAV close 2025-12-05 (§20.2031-8(b)),,,,,,,,2025-12-05,20.649999618530273
FSMUX,FSMUX,Bond Funds,MUTUALFUND,NAS,8.98,8.64,8.83,8.83,8.83,1.0,1.0,,NAV close 2025-12-05 (§20.2031-8(b)),,,,,,,,2025-12-05,8.829999923706055
FNYAX,FNYAX,Bond Funds,MUTUALFUND,NAS,10.02,9.59,9.85,9.85,9.85,1.0,1.0,,NAV close 2025-12-05 (§20.2031-8(b)),,,,,,,,2025-12-05,9.850000381469727
VNYUX,VNYUX,Bond Funds,MUTUALFUND,NAS,11.04,10.55,10.84,10.84,10.84,1.0,1.0,,NAV close 2025-12-05 (§20.2031-8(b)),,,,,,,,2025-12-05,10.84000015258789
FDRXX,FDRXX,Short-term Funds,,,1.0,,1.0,1.0,1.0,1.0,1.0,,fixed $1.00 NAV (money market),,,,,,,,,
IVV,IVV,Exchange Traded Products,ETF,PCX,689.38,771.43,688.72,688.72,688.72,1.0,1.0,,mean of H/L means 12/5 & 12/8 (§20.2031-2(b)),,691.8099975585938,688.02001953125,689.9150085449219,690.0599975585938,684.989990234375,687.5249938964844,,
EFA,EFA,Exchange Traded Products,ETF,PCX,105.38,108.13,95.7625,95.7625,95.7625,1.0,1.0,,mean of H/L means 12/5 & 12/8 (§20.2031-2(b)),,96.2300033569336,95.63999938964844,95.93500137329102,95.81999969482422,95.36000061035156,95.59000015258789,,
IWP,IWP,Exchange Traded Products,ETF,PCX,136.75,140.247,139.3725,139.3725,139.3725,1.0,1.0,,mean of H/L means 12/5 & 12/8 (§20.2031-2(b)),,139.97999572753906,139.0399932861328,139.50999450683594,139.69000244140625,138.77999877929688,139.23500061035156,,
IJH,IJH,Exchange Traded Products,ETF,PCX,71.49,75.76,66.5075,66.5075,66.5075,1.0,1.0,,mean of H/L means 12/5 & 12/8 (§20.2031-2(b)),,66.88999938964844,66.38999938964844,66.63999938964844,66.6500015258789,66.0999984741211,66.375,,
IJJ,IJJ,Exchange Traded Products,ETF,PCX,140.15,147.52,132.3775,132.3775,132.3775,1.0,1.0,,mean of H/L means 12/5 & 12/8 (§20.2031-2(b)),,133.1199951171875,132.27000427246094,132.69499969482422,132.47999572753906,131.63999938964844,132.05999755859375,,
IJR,IJR,Exchange Traded Products,ETF,PCX,129.7,144.79,121.8325,121.8325,121.8325,1.0,1.0,,mean of H/L means 12/5 & 12/8 (§20.2031-2(b)),,122.4800033569336,121.48999786376953,121.98500061035156,122.30000305175781,121.05999755859375,121.68000030517578,,
SCZ,SCZ,Exchange Traded Products,ETF,NGM,85.72,87.08,77.4275,77.4275,77.4275,1.0,1.0,,mean of H/L means 12/5 & 12/8 (§20.2031-2(b)),,77.66999816894531,77.23999786376953,77.45499801635742,77.63999938964844,77.16000366210938,77.4000015258789,,
EFV,EFV,Exchange Traded Products,ETF,BTS,79.76,82.63,70.7125,70.7125,70.7125,1.0,1.0,,mean of H/L means 12/5 & 12/8 (§20.2031-2(b)),,71.05000305175781,70.5999984741211,70.82500076293945,70.7699966430664,70.43000030517578,70.5999984741211,,
EFAV,EFAV,Exchange Traded Products,ETF,BTS,94.87,94.41,85.81,85.81,85.81,1.0,1.0,,mean of H/L means 12/5 & 12/8 (§20.2031-2(b)),,86.18000030517578,85.76000213623047,85.97000122070312,85.88999938964844,85.41000366210938,85.6500015258789,,
USMV,USMV,Exchange Traded Products,ETF,BTS,97.81,100.2,94.4425,94.4425,94.4425,1.0,1.0,,mean of H/L means 12/5 & 12/8 (§20.2031-2(b)),,94.87000274658203,94.45999908447266,94.66500091552734,94.62000274658203,93.81999969482422,94.22000122070312,,
QUAL,QUAL,Exchange Traded Products,ETF,BTS,204.86,220.92,199.535,199.535,199.535,1.0,1.0,,mean of H/L means 12/5 & 12/8 (§20.2031-2(b)),,200.47999572753906,199.4199981689453,199.9499969482422,200.05999755859375,198.17999267578125,199.1199951171875,,
IEFA,IEFA,Exchange Traded Products,ETF,BTS,98.32,100.831,89.2625,89.2625,89.2625,1.0,1.0,,mean of H/L means 12/5 & 12/8 (§20.2031-2(b)),,89.66999816894531,89.13999938964844,89.40499877929688,89.3499984741211,88.88999938964844,89.11999893188477,,
IEMG,IEMG,Exchange Traded Products,ETF,PCX,76.76,84.025,67.5175,67.5175,67.5175,1.0,1.0,,mean of H/L means 12/5 & 12/8 (§20.2031-2(b)),,67.94000244140625,67.38999938964844,67.66500091552734,67.58999633789062,67.1500015258789,67.36999893188477,,
SMLF,SMLF,Exchange Traded Products,ETF,PCX,79.14,87.83,75.8188,75.8188,75.8188,1.0,1.0,,mean of H/L means 12/5 & 12/8 (§20.2031-2(b)),,76.19000244140625,75.58999633789062,75.88999938964844,76.11000061035156,75.38500213623047,75.74750137329102,,
VFH,VFH,Exchange Traded Products,ETF,PCX,125.56,140.745,130.915,130.915,130.915,1.0,1.0,,mean of H/L means 12/5 & 12/8 (§20.2031-2(b)),,131.6699981689453,130.6300048828125,131.1500015258789,131.16000366210938,130.1999969482422,130.68000030517578,,
VV,VV,Exchange Traded Products,ETF,PCX,315.17,353.87,316.58,316.58,316.58,1.0,1.0,,mean of H/L means 12/5 & 12/8 (§20.2031-2(b)),,318.0199890136719,316.239990234375,317.12998962402344,317.1199951171875,314.94000244140625,316.0299987792969,,
VUG,VUG,Exchange Traded Products,ETF,PCX,460.87,88.235,82.3167,493.9002,493.9002,1.0,6.0,2026-04-21 6:1,mean of H/L means 12/5 & 12/8 (§20.2031-2(b)),,82.67500305175781,82.09666442871094,82.38583374023438,82.62833404541016,81.86666870117188,82.24750137329102,,
VTV,VTV,Exchange Traded Products,ETF,PCX,207.26,225.535,190.3275,190.3275,190.3275,1.0,1.0,,mean of H/L means 12/5 & 12/8 (§20.2031-2(b)),,191.3800048828125,190.22000122070312,190.8000030517578,190.5500030517578,189.16000366210938,189.8550033569336,,
VB,VB,Exchange Traded Products,ETF,PCX,277.11,299.23,260.4275,260.4275,260.4275,1.0,1.0,,mean of H/L means 12/5 & 12/8 (§20.2031-2(b)),,261.760009765625,259.7099914550781,260.73500061035156,261.3500061035156,258.8900146484375,260.12001037597656,,
DB,DB,Stocks,EQUITY,NYQ,35.42,41.355,36.47,36.47,36.47,1.0,1.0,,mean of H/L means 12/5 & 12/8 (§20.2031-2(b)),,36.41999816894531,36.189998626708984,36.30499839782715,36.790000915527344,36.47999954223633,36.635000228881836,,
TTE,TTE,Stocks,EQUITY,NYQ,80.34,90.27,65.3525,65.3525,65.3525,1.0,1.0,,mean of H/L means 12/5 & 12/8 (§20.2031-2(b)),,66.12000274658203,64.7300033569336,65.42500305175781,65.68000030517578,64.87999725341797,65.27999877929688,,
AS,AS,Stocks,EQUITY,NYQ,37.98,28.88,36.4788,36.4788,36.4788,1.0,1.0,,mean of H/L means 12/5 & 12/8 (§20.2031-2(b)),,36.6150016784668,35.77000045776367,36.192501068115234,37.279998779296875,36.25,36.76499938964844,,
AON,AON,Stocks,EQUITY,NYQ,335.47,319.04,343.335,343.335,343.335,1.0,1.0,,mean of H/L means 12/5 & 12/8 (§20.2031-2(b)),,347.57000732421875,340.19000244140625,343.8800048828125,344.54998779296875,341.0299987792969,342.7899932861328,,
AZN,AZN,Stocks,EQUITY,NYQ,208.45,160.05,181.145,181.145,90.5725,0.5,1.0,2026-02-02 1:2,mean of H/L means 12/5 & 12/8 (§20.2031-2(b)),,182.36000061035156,180.13999938964844,181.25,182.74000549316406,179.33999633789062,181.04000091552734,,
ACN,ACN,Stocks,EQUITY,NYQ,208.72,178.41,267.6775,267.6775,267.6775,1.0,1.0,,mean of H/L means 12/5 & 12/8 (§20.2031-2(b)),,271.0,266.07000732421875,268.5350036621094,268.6300048828125,265.010009765625,266.82000732421875,,
CRH,CRH,Stocks,EQUITY,NYQ,119.98,91.69,122.97,122.97,122.97,1.0,1.0,,mean of H/L means 12/5 & 12/8 (§20.2031-2(b)),,121.3499984741211,118.5999984741211,119.9749984741211,127.0999984741211,124.83000183105469,125.96500015258789,,
CCEP,CCEP,Stocks,EQUITY,NMS,110.43,106.575,90.4275,90.4275,90.4275,1.0,1.0,,mean of H/L means 12/5 & 12/8 (§20.2031-2(b)),,91.30000305175781,90.36000061035156,90.83000183105469,90.61000061035156,89.44000244140625,90.0250015258789,,
ETN,ETN,Stocks,EQUITY,NYQ,375.92,427.43,339.81,339.81,339.81,1.0,1.0,,mean of H/L means 12/5 & 12/8 (§20.2031-2(b)),,341.4200134277344,336.0,338.7100067138672,345.69000244140625,336.1300048828125,340.9100036621094,,
FTAI,FTAI,Stocks,EQUITY,NMS,305.8,199.605,176.34,176.34,176.34,1.0,1.0,,mean of H/L means 12/5 & 12/8 (§20.2031-2(b)),,177.1199951171875,175.13999938964844,176.12999725341797,177.77999877929688,175.32000732421875,176.5500030517578,,
JAZZ,JAZZ,Stocks,EQUITY,NMS,190.02,240.96,169.5525,169.5525,169.5525,1.0,1.0,,mean of H/L means 12/5 & 12/8 (§20.2031-2(b)),,171.50999450683594,167.36000061035156,169.43499755859375,170.8699951171875,168.47000122070312,169.6699981689453,,
JCI,JCI,Stocks,EQUITY,NYQ,144.3,146.18,114.8675,114.8675,114.8675,1.0,1.0,,mean of H/L means 12/5 & 12/8 (§20.2031-2(b)),,114.44999694824219,113.45999908447266,113.95499801635742,117.33999633789062,114.22000122070312,115.77999877929688,,
LIN,LIN,Stocks,EQUITY,NMS,508.08,469.27,397.685,397.685,397.685,1.0,1.0,,mean of H/L means 12/5 & 12/8 (§20.2031-2(b)),,404.6099853515625,398.92999267578125,401.7699890136719,399.4200134277344,387.7799987792969,393.6000061035156,,
MDT,MDT,Stocks,EQUITY,NYQ,97.66,92.785,101.8275,101.8275,101.8275,1.0,1.0,,mean of H/L means 12/5 & 12/8 (§20.2031-2(b)),,102.45999908447266,101.30999755859375,101.8849983215332,102.48999786376953,101.05000305175781,101.77000045776367,,
PNR,PNR,Stocks,EQUITY,NYQ,99.19,59.04,104.435,104.435,104.435,1.0,1.0,,mean of H/L means 12/5 & 12/8 (§20.2031-2(b)),,105.55000305175781,103.97000122070312,104.76000213623047,105.41000366210938,102.80999755859375,104.11000061035156,,
STX,STX,Stocks,EQUITY,NMS,407.84,924.365,278.9325,278.9325,278.9325,1.0,1.0,,mean of H/L means 12/5 & 12/8 (§20.2031-2(b)),,279.6700134277344,269.1199951171875,274.39500427246094,288.2699890136719,278.6700134277344,283.4700012207031,,
SW,SW,Stocks,EQUITY,NYQ,47.01,44.69,36.16,36.16,36.16,1.0,1.0,,mean of H/L means 12/5 & 12/8 (§20.2031-2(b)),,36.59000015258789,35.9900016784668,36.290000915527344,36.279998779296875,35.779998779296875,36.029998779296875,,
TEL,TEL,Stocks,EQUITY,NYQ,230.15,206.635,234.6275,234.6275,234.6275,1.0,1.0,,mean of H/L means 12/5 & 12/8 (§20.2031-2(b)),,235.58999633789062,231.9499969482422,233.7699966430664,237.6999969482422,233.27000427246094,235.48500061035156,,
TT,TT,Stocks,EQUITY,NYQ,462.32,448.01,400.9175,400.9175,400.9175,1.0,1.0,,mean of H/L means 12/5 & 12/8 (§20.2031-2(b)),,405.6000061035156,397.7200012207031,401.6600036621094,404.9700012207031,395.3800048828125,400.1750030517578,,
WTW,WTW,Stocks,EQUITY,NMS,305.17,326.81,319.3725,319.3725,319.3725,1.0,1.0,,mean of H/L means 12/5 & 12/8 (§20.2031-2(b)),,321.57000732421875,317.8800048828125,319.7250061035156,321.239990234375,316.79998779296875,319.0199890136719,,
SPOT,SPOT,Stocks,EQUITY,NYQ,514.94,530.705,564.4675,564.4675,564.4675,1.0,1.0,,mean of H/L means 12/5 & 12/8 (§20.2031-2(b)),,576.7899780273438,559.780029296875,568.2850036621094,572.5700073242188,548.72998046875,560.6499938964844,,
AER,AER,Stocks,EQUITY,NYQ,149.44,144.69,139.3925,139.3925,139.3925,1.0,1.0,,mean of H/L means 12/5 & 12/8 (§20.2031-2(b)),,140.72999572753906,138.0399932861328,139.38499450683594,140.3000030517578,138.5,139.4000015258789,,
ASMIY,ASMIY,Stocks,EQUITY,OQX,846.83,975.0,621.3155,621.3155,621.3155,1.0,1.0,,mean of H/L means 12/5 & 12/8 (§20.2031-2(b)),,608.6220092773438,599.7100219726562,604.166015625,650.0,626.9299926757812,638.4649963378906,,
ASML,ASML,Stocks,EQUITY,NMS,1450.56,1769.27,1118.9625,1118.9625,1118.9625,1.0,1.0,,mean of H/L means 12/5 & 12/8 (§20.2031-2(b)),,1129.3800048828125,1098.260009765625,1113.8200073242188,1134.1800537109375,1114.030029296875,1124.1050415039062,,
NXPI,NXPI,Stocks,EQUITY,NMS,227.01,225.185,229.6875,229.6875,229.6875,1.0,1.0,,mean of H/L means 12/5 & 12/8 (§20.2031-2(b)),,231.0,227.8300018310547,229.41500091552734,232.66000366210938,227.25999450683594,229.95999908447266,,
RCL,RCL,Stocks,EQUITY,NYQ,310.96,265.98,255.3675,255.3675,255.3675,1.0,1.0,,mean of H/L means 12/5 & 12/8 (§20.2031-2(b)),,260.25,256.0,258.125,257.5,247.72000122070312,252.61000061035156,,
ABBNY,ABBNY,Stocks,EQUITY,PNK,92.79,99.97,73.1575,73.1575,73.1575,1.0,1.0,,mean of H/L means 12/5 & 12/8 (§20.2031-2(b)),,73.27999877929688,72.66000366210938,72.97000122070312,73.61000061035156,73.08000183105469,73.34500122070312,,
AGCO,AGCO,Stocks,EQUITY,NYQ,136.5,127.89,106.0,106.0,106.0,1.0,1.0,,mean of H/L means 12/5 & 12/8 (§20.2031-2(b)),,107.87999725341797,105.02999877929688,106.45499801635742,107.5999984741211,103.48999786376953,105.54499816894531,,
AAGIY,AAGIY,Stocks,EQUITY,PNK,44.17,39.23,40.1475,40.1475,40.1475,1.0,1.0,,mean of H/L means 12/5 & 12/8 (§20.2031-2(b)),,40.400001525878906,40.150001525878906,40.275001525878906,40.150001525878906,39.88999938964844,40.02000045776367,,
T,T,Stocks,EQUITY,NYQ,28.01,25.595,25.23,25.23,25.23,1.0,1.0,,mean of H/L means 12/5 & 12/8 (§20.2031-2(b)),,25.639999389648438,25.25,25.44499969482422,25.34000015258789,24.690000534057617,25.015000343322754,,
ABBV,ABBV,Stocks,EQUITY,NYQ,232.08,250.575,225.7025,225.7025,225.7025,1.0,1.0,,mean of H/L means 12/5 & 12/8 (§20.2031-2(b)),,229.25,225.0500030517578,227.1500015258789,226.1199951171875,222.38999938964844,224.25499725341797,,
AYI,AYI,Stocks,EQUITY,NYQ,301.59,328.74,373.53,373.53,373.53,1.0,1.0,,mean of H/L means 12/5 & 12/8 (§20.2031-2(b)),,378.7099914550781,370.739990234375,374.72499084472656,376.8999938964844,367.7699890136719,372.3349914550781,,
ATEYY,ATEYY,Stocks,EQUITY,PNK,173.03,221.46,131.095,131.095,131.095,1.0,1.0,,mean of H/L means 12/5 & 12/8 (§20.2031-2(b)),,131.4600067138672,129.99000549316406,130.72500610351562,134.75999450683594,128.1699981689453,131.46499633789062,,
AMD,AMD,Stocks,EQUITY,NMS,200.21,508.42,220.4875,220.4875,220.4875,1.0,1.0,,mean of H/L means 12/5 & 12/8 (§20.2031-2(b)),,223.63999938964844,216.24000549316406,219.94000244140625,223.7100067138672,218.36000061035156,221.03500366210938,,
AFRM,AFRM,Stocks,EQUITY,NMS,46.98,71.63,67.7833,67.7833,67.7833,1.0,1.0,,mean of H/L means 12/5 & 12/8 (§20.2031-2(b)),,68.61000061035156,67.30000305175781,67.95500183105469,68.5,66.7229995727539,67.61149978637695,,
AIQUY,AIQUY,Stocks,EQUITY,PNK,42.0,40.1,37.705,41.4755,41.4755,1.0,1.1,2026-06-09 11:10,mean of H/L means 12/5 & 12/8 (§20.2031-2(b)),,38.029998779296875,37.75,37.88999938964844,37.630001068115234,37.40999984741211,37.52000045776367,,
EADSY,EADSY,Stocks,EQUITY,PNK,54.17,58.02,57.62,57.62,57.62,1.0,1.0,,mean of H/L means 12/5 & 12/8 (§20.2031-2(b)),,57.72999954223633,57.11000061035156,57.420000076293945,58.27000045776367,57.369998931884766,57.81999969482422,,
AKZOY,AKZOY,Stocks,EQUITY,OQX,23.44,23.45,21.365,21.365,21.365,1.0,1.0,,mean of H/L means 12/5 & 12/8 (§20.2031-2(b)),,21.6299991607666,21.3799991607666,21.5049991607666,21.399999618530273,21.049999237060547,21.22499942779541,,
ACI,ACI,Stocks,EQUITY,NYQ,17.9,12.2,17.3412,17.3412,17.3412,1.0,1.0,,mean of H/L means 12/5 & 12/8 (§20.2031-2(b)),,17.68000030517578,17.149999618530273,17.414999961853027,17.3799991607666,17.155000686645508,17.267499923706055,,
BABA,BABA,Stocks,EQUITY,NYQ,144.11,112.655,158.0807,158.0807,158.0807,1.0,1.0,,mean of H/L means 12/5 & 12/8 (§20.2031-2(b)),,159.49000549316406,157.67999267578125,158.58499908447266,158.74000549316406,156.41299438476562,157.57649993896484,,
ALGM,ALGM,Stocks,EQUITY,NMS,36.47,36.68,29.1475,29.1475,29.1475,1.0,1.0,,mean of H/L means 12/5 & 12/8 (§20.2031-2(b)),,29.540000915527344,29.100000381469727,29.320000648498535,29.344999313354492,28.604999542236328,28.97499942779541,,
LNT,LNT,Stocks,EQUITY,NMS,72.34,68.87,65.3775,65.3775,65.3775,1.0,1.0,,mean of H/L means 12/5 & 12/8 (§20.2031-2(b)),,65.88999938964844,65.25,65.56999969482422,65.66999816894531,64.69999694824219,65.18499755859375,,
ALIZY,ALIZY,Stocks,EQUITY,PNK,44.97,51.58,42.895,42.895,42.895,1.0,1.0,,mean of H/L means 12/5 & 12/8 (§20.2031-2(b)),,43.029998779296875,42.61000061035156,42.81999969482422,43.06999969482422,42.869998931884766,42.96999931335449,,
ALLY,ALLY,Stocks,EQUITY,NYQ,39.44,42.75,42.4838,42.4838,42.4838,1.0,1.0,,mean of H/L means 12/5 & 12/8 (§20.2031-2(b)),,42.73500061035156,42.15999984741211,42.447500228881836,43.22999954223633,41.810001373291016,42.52000045776367,,
ALNY,ALNY,Stocks,EQUITY,NMS,332.92,263.99,450.5125,450.5125,450.5125,1.0,1.0,,mean of H/L means 12/5 & 12/8 (§20.2031-2(b)),,473.5,455.32000732421875,464.4100036621094,449.7799987792969,423.45001220703125,436.61500549316406,,
GOOG,GOOG,Stocks,EQUITY,NMS,311.43,334.75,319.2375,319.2375,319.2375,1.0,1.0,,mean of H/L means 12/5 & 12/8 (§20.2031-2(b)),,323.8299865722656,319.9800109863281,321.9049987792969,321.2300109863281,311.9100036621094,316.57000732421875,,
GOOGL,GOOGL,Stocks,EQUITY,NMS,311.76,338.07,318.4975,318.4975,318.4975,1.0,1.0,,mean of H/L means 12/5 & 12/8 (§20.2031-2(b)),,323.1600036621094,319.1700134277344,321.1650085449219,320.44000244140625,311.2200012207031,315.8300018310547,,
ALSMY,ALSMY,Stocks,EQUITY,PNK,3.29,1.85,2.655,2.655,2.655,1.0,1.0,,mean of H/L means 12/5 & 12/8 (§20.2031-2(b)),,2.6500000953674316,2.5999999046325684,2.625,2.700000047683716,2.6700000762939453,2.6850000619888306,,
MO,MO,Stocks,EQUITY,NYQ,69.04,68.365,58.035,58.035,58.035,1.0,1.0,,mean of H/L means 12/5 & 12/8 (§20.2031-2(b)),,58.45000076293945,57.91999816894531,58.18499946594238,58.20000076293945,57.56999969482422,57.885000228881836,,
AMADY,AMADY,Stocks,EQUITY,PNK,62.04,65.61,71.1625,71.1625,71.1625,1.0,1.0,,mean of H/L means 12/5 & 12/8 (§20.2031-2(b)),,71.72000122070312,71.12000274658203,71.42000198364258,71.30000305175781,70.51000213623047,70.90500259399414,,
AMZN,AMZN,Stocks,EQUITY,NMS,210.0,256.945,229.2225,229.2225,229.2225,1.0,1.0,,mean of H/L means 12/5 & 12/8 (§20.2031-2(b)),,231.24000549316406,228.5500030517578,229.89500427246094,230.8300018310547,226.27000427246094,228.5500030517578,,
AEE,AEE,Stocks,EQUITY,NYQ,113.28,106.95,99.9075,99.9075,99.9075,1.0,1.0,,mean of H/L means 12/5 & 12/8 (§20.2031-2(b)),,101.0,99.63999938964844,100.31999969482422,100.36000061035156,98.62999725341797,99.49499893188477,,
AMKR,AMKR,Stocks,EQUITY,NMS,47.82,51.295,43.7575,43.7575,43.7575,1.0,1.0,,mean of H/L means 12/5 & 12/8 (§20.2031-2(b)),,43.939998626708984,42.900001525878906,43.420000076293945,45.18000030517578,43.0099983215332,44.09499931335449,,
ADI,ADI,Stocks,EQUITY,NMS,355.79,362.52,280.4725,280.4725,280.4725,1.0,1.0,,mean of H/L means 12/5 & 12/8 (§20.2031-2(b)),,283.239990234375,279.1400146484375,281.19000244140625,282.5400085449219,276.9700012207031,279.7550048828125,,
BUD,BUD,Stocks,EQUITY,NYQ,80.95,79.735,60.8175,60.8175,60.8175,1.0,1.0,,mean of H/L means 12/5 & 12/8 (§20.2031-2(b)),,61.630001068115234,61.02000045776367,61.32500076293945,60.720001220703125,59.900001525878906,60.310001373291016,,
ANZGY,ANZGY,Stocks,EQUITY,PNK,28.51,26.67,23.29,23.29,23.29,1.0,1.0,,mean of H/L means 12/5 & 12/8 (§20.2031-2(b)),,23.549999237060547,23.030000686645508,23.289999961853027,23.399999618530273,23.18000030517578,23.289999961853027,,
APA,APA,Stocks,EQUITY,NMS,30.37,43.545,26.875,26.875,26.875,1.0,1.0,,mean of H/L means 12/5 & 12/8 (§20.2031-2(b)),,27.719999313354492,26.75,27.234999656677246,26.93000030517578,26.100000381469727,26.515000343322754,,
APO,APO,Stocks,EQUITY,NYQ,104.6,132.83,136.9375,136.9375,136.9375,1.0,1.0,,mean of H/L means 12/5 & 12/8 (§20.2031-2(b)),,138.63999938964844,135.9499969482422,137.2949981689453,137.9199981689453,135.24000549316406,136.5800018310547,,
AAPL,AAPL,Stocks,EQUITY,NMS,264.18,316.29,278.7525,278.7525,278.7525,1.0,1.0,,mean of H/L means 12/5 & 12/8 (§20.2031-2(b)),,281.1400146484375,278.04998779296875,279.5950012207031,279.6700134277344,276.1499938964844,277.9100036621094,,
AMAT,AMAT,Stocks,EQUITY,NMS,372.3,471.025,269.9125,269.9125,269.9125,1.0,1.0,,mean of H/L means 12/5 & 12/8 (§20.2031-2(b)),,273.5899963378906,267.3599853515625,270.47499084472656,272.1600036621094,266.5400085449219,269.3500061035156,,
APP,APP,Stocks,EQUITY,NMS,434.77,312.0,692.8025,692.8025,692.8025,1.0,1.0,,mean of H/L means 12/5 & 12/8 (§20.2031-2(b)),,702.2999877929688,678.6900024414062,690.4949951171875,706.6900024414062,683.530029296875,695.1100158691406,,
MT,MT,Stocks,EQUITY,NYQ,65.16,77.47,42.8575,42.8575,42.8575,1.0,1.0,,mean of H/L means 12/5 & 12/8 (§20.2031-2(b)),,42.959999084472656,42.18000030517578,42.56999969482422,43.72999954223633,42.560001373291016,43.14500045776367,,
ADM,ADM,Stocks,EQUITY,NYQ,69.04,84.57,58.8475,58.8475,58.8475,1.0,1.0,,mean of H/L means 12/5 & 12/8 (§20.2031-2(b)),,59.59000015258789,58.970001220703125,59.28000068664551,58.970001220703125,57.86000061035156,58.415000915527344,,
ARGX,ARGX,Stocks,EQUITY,NMS,766.92,1008.54,906.3563,906.3563,906.3563,1.0,1.0,,mean of H/L means 12/5 & 12/8 (§20.2031-2(b)),,917.0,891.0850219726562,904.0425109863281,917.7100219726562,899.6300048828125,908.6700134277344,,
ANET,ANET,Stocks,EQUITY,NYQ,133.5,198.23,129.57,129.57,129.57,1.0,1.0,,mean of H/L means 12/5 & 12/8 (§20.2031-2(b)),,129.66000366210938,126.83999633789062,128.25,133.57000732421875,128.2100067138672,130.89000701904297,,
ASAZY,ASAZY,Stocks,EQUITY,PNK,21.23,18.44,19.0525,19.0525,19.0525,1.0,1.0,,mean of H/L means 12/5 & 12/8 (§20.2031-2(b)),,19.200000762939453,19.079999923706055,19.140000343322754,19.06999969482422,18.860000610351562,18.96500015258789,,
ALAB,ALAB,Stocks,EQUITY,NMS,118.83,297.865,163.865,163.865,163.865,1.0,1.0,,mean of H/L means 12/5 & 12/8 (§20.2031-2(b)),,163.1199951171875,154.13999938964844,158.62999725341797,176.64999389648438,161.5500030517578,169.0999984741211,,
ATLKY,ATLKY,Stocks,EQUITY,PNK,21.56,21.77,17.985,17.985,17.985,1.0,1.0,,mean of H/L means 12/5 & 12/8 (§20.2031-2(b)),,18.040000915527344,17.860000610351562,17.950000762939453,18.100000381469727,17.940000534057617,18.020000457763672,,
ATO,ATO,Stocks,EQUITY,NYQ,186.79,168.755,170.08,170.08,170.08,1.0,1.0,,mean of H/L means 12/5 & 12/8 (§20.2031-2(b)),,172.1300048828125,170.27999877929688,171.2050018310547,171.16000366210938,166.75,168.9550018310547,,
ADP,ADP,Stocks,EQUITY,NMS,214.36,269.205,260.2,260.2,260.2,1.0,1.0,,mean of H/L means 12/5 & 12/8 (§20.2031-2(b)),,262.760009765625,259.3399963378906,261.0500030517578,261.1199951171875,257.5799865722656,259.34999084472656,,
AN,AN,Stocks,EQUITY,NYQ,195.16,209.615,215.76,215.76,215.76,1.0,1.0,,mean of H/L means 12/5 & 12/8 (§20.2031-2(b)),,217.52999877929688,214.07000732421875,215.8000030517578,218.0800018310547,213.36000061035156,215.72000122070312,,
AZO,AZO,Stocks,EQUITY,NYQ,3755.58,2977.76,3810.66,3810.66,3810.66,1.0,1.0,,mean of H/L means 12/5 & 12/8 (§20.2031-2(b)),,3868.4599609375,3781.580078125,3825.02001953125,3829.60009765625,3763.0,3796.300048828125,,
CAR,CAR,Stocks,EQUITY,NMS,97.41,133.61,134.465,134.465,134.465,1.0,1.0,,mean of H/L means 12/5 & 12/8 (§20.2031-2(b)),,139.02000427246094,132.8800048828125,135.95000457763672,134.41000366210938,131.5500030517578,132.9800033569336,,
AXAHY,AXAHY,Stocks,EQUITY,OQX,48.83,50.66,45.095,45.095,45.095,1.0,1.0,,mean of H/L means 12/5 & 12/8 (§20.2031-2(b)),,45.18000030517578,44.810001373291016,44.9950008392334,45.400001525878906,44.9900016784668,45.19500160217285,,
BAESY,BAESY,Stocks,EQUITY,PNK,116.0,104.865,90.4075,90.4075,90.4075,1.0,1.0,,mean of H/L means 12/5 & 12/8 (§20.2031-2(b)),,90.08999633789062,89.12999725341797,89.6099967956543,92.18000030517578,90.2300033569336,91.20500183105469,,
BP,BP,Stocks,EQUITY,NYQ,38.86,44.84,36.0825,36.0825,36.0825,1.0,1.0,,mean of H/L means 12/5 & 12/8 (§20.2031-2(b)),,36.72999954223633,35.790000915527344,36.260000228881836,36.099998474121094,35.709999084472656,35.904998779296875,,
BNPQY,BNPQY,Stocks,EQUITY,OQX,56.08,60.11,44.235,44.235,44.235,1.0,1.0,,mean of H/L means 12/5 & 12/8 (§20.2031-2(b)),,44.36000061035156,43.900001525878906,44.130001068115234,44.63999938964844,44.040000915527344,44.34000015258789,,
BKR,BKR,Stocks,EQUITY,NMS,65.26,64.2,49.0325,49.0325,49.0325,1.0,1.0,,mean of H/L means 12/5 & 12/8 (§20.2031-2(b)),,50.7599983215332,49.04999923706055,49.904998779296875,49.189998626708984,47.130001068115234,48.15999984741211,,
BBVA,BBVA,Stocks,EQUITY,NYQ,23.13,29.425,21.9275,21.9275,21.9275,1.0,1.0,,mean of H/L means 12/5 & 12/8 (§20.2031-2(b)),,22.149999618530273,21.770000457763672,21.960000038146973,22.020000457763672,21.770000457763672,21.895000457763672,,
SAN,SAN,Stocks,EQUITY,NYQ,12.36,14.92,11.0125,11.0125,11.0125,1.0,1.0,,mean of H/L means 12/5 & 12/8 (§20.2031-2(b)),,11.149999618530273,10.920000076293945,11.03499984741211,11.039999961853027,10.9399995803833,10.989999771118164,,
BAC,BAC,Stocks,EQUITY,NYQ,49.83,62.805,54.0675,54.0675,54.0675,1.0,1.0,,mean of H/L means 12/5 & 12/8 (§20.2031-2(b)),,54.83000183105469,53.7400016784668,54.28500175476074,54.209999084472656,53.4900016784668,53.85000038146973,,
BKRIY,BKRIY,Stocks,EQUITY,PNK,19.48,23.34,18.5075,18.5075,18.5075,1.0,1.0,,mean of H/L means 12/5 & 12/8 (§20.2031-2(b)),,18.760000228881836,18.389999389648438,18.574999809265137,18.6200008392334,18.260000228881836,18.440000534057617,,
BK,BNY,Stocks,EQUITY,NYQ,119.1,164.205,114.2825,114.2825,114.2825,1.0,1.0,,mean of H/L means 12/5 & 12/8 (§20.2031-2(b)),,114.95999908447266,113.4000015258789,114.18000030517578,114.98999786376953,113.77999877929688,114.3849983215332,,
BCS,BCS,Stocks,EQUITY,NYQ,24.28,26.945,23.2775,23.2775,23.2775,1.0,1.0,,mean of H/L means 12/5 & 12/8 (§20.2031-2(b)),,23.5,23.15999984741211,23.329999923706055,23.299999237060547,23.149999618530273,23.22499942779541,,
BAYRY,BAYRY,Stocks,EQUITY,OQX,12.3,14.35,9.88,9.88,9.88,1.0,1.0,,mean of H/L means 12/5 & 12/8 (§20.2031-2(b)),,9.729999542236328,9.619999885559082,9.674999713897705,10.130000114440918,10.039999961853027,10.085000038146973,,
BMWKY,BMWKY,Stocks,EQUITY,PNK,35.23,24.75,37.445,37.445,37.445,1.0,1.0,,mean of H/L means 12/5 & 12/8 (§20.2031-2(b)),,37.59000015258789,37.040000915527344,37.31500053405762,37.7599983215332,37.38999938964844,37.57499885559082,,
ONC,ONC,Stocks,EQUITY,NMS,316.99,350.72,324.815,324.815,324.815,1.0,1.0,,mean of H/L means 12/5 & 12/8 (§20.2031-2(b)),,332.6400146484375,310.1099853515625,321.375,331.8299865722656,324.67999267578125,328.25498962402344,,
BKGFY,BKGFY,Stocks,EQUITY,PNK,11.79,9.29,9.9025,9.9025,9.9025,1.0,1.0,,mean of H/L means 12/5 & 12/8 (§20.2031-2(b)),,9.989999771118164,9.84000015258789,9.914999961853027,10.220000267028809,9.5600004196167,9.890000343322754,,
BRKB,BRK-B,Stocks,EQUITY,NYQ,504.95,505.474,499.9725,499.9725,499.9725,1.0,1.0,,mean of H/L means 12/5 & 12/8 (§20.2031-2(b)),,505.760009765625,500.5400085449219,503.15000915527344,502.9700012207031,490.6199951171875,496.7949981689453,,
BLK,BLK,Stocks,EQUITY,NYQ,1063.23,1103.355,1068.225,1068.225,1068.225,1.0,1.0,,mean of H/L means 12/5 & 12/8 (§20.2031-2(b)),,1074.0,1062.8900146484375,1068.4450073242188,1078.8599853515625,1057.1500244140625,1068.0050048828125,,
BHKLY,BHKLY,Stocks,EQUITY,PNK,114.59,135.5,95.355,95.355,95.355,1.0,1.0,,mean of H/L means 12/5 & 12/8 (§20.2031-2(b)),,95.87000274658203,95.69999694824219,95.78499984741211,95.05000305175781,94.80000305175781,94.92500305175781,,
BA,BA,Stocks,EQUITY,NYQ,227.53,211.675,203.2325,203.2325,203.2325,1.0,1.0,,mean of H/L means 12/5 & 12/8 (§20.2031-2(b)),,202.9499969482422,200.55999755859375,201.75499725341797,206.86000061035156,202.55999755859375,204.70999908447266,,
BKNG,BKNG,Stocks,EQUITY,NMS,4239.35,181.555,205.4799,5136.9975,5136.9975,1.0,25.0,2026-04-06 25:1,mean of H/L means 12/5 & 12/8 (§20.2031-2(b)),,207.98080444335938,200.7740020751953,204.37740325927734,208.3780059814453,204.78680419921875,206.58240509033203,,
BAH,BAH,Stocks,EQUITY,NYQ,78.83,72.59,89.8325,89.8325,89.8325,1.0,1.0,,mean of H/L means 12/5 & 12/8 (§20.2031-2(b)),,88.58999633789062,86.55000305175781,87.56999969482422,93.8499984741211,90.33999633789062,92.09499740600586,,
BWA,BWA,Stocks,EQUITY,NYQ,57.57,66.78,42.855,42.855,42.855,1.0,1.0,,mean of H/L means 12/5 & 12/8 (§20.2031-2(b)),,43.689998626708984,43.279998779296875,43.48499870300293,42.7400016784668,41.709999084472656,42.22500038146973,,
BSX,BSX,Stocks,EQUITY,NYQ,76.85,45.365,96.3775,96.3775,96.3775,1.0,1.0,,mean of H/L means 12/5 & 12/8 (§20.2031-2(b)),,98.69000244140625,97.0199966430664,97.85499954223633,97.06999969482422,92.7300033569336,94.9000015258789,,
BXBLY,BXBLY,Stocks,EQUITY,PNK,35.59,27.6,30.3775,30.3775,30.3775,1.0,1.0,,mean of H/L means 12/5 & 12/8 (§20.2031-2(b)),,30.8700008392334,29.549999237060547,30.210000038146973,30.65999984741211,30.43000030517578,30.545000076293945,,
EAT,EAT,Stocks,EQUITY,NYQ,148.2,223.045,141.3575,141.3575,141.3575,1.0,1.0,,mean of H/L means 12/5 & 12/8 (§20.2031-2(b)),,143.66000366210938,139.5399932861328,141.5999984741211,143.99000549316406,138.24000549316406,141.11500549316406,,
BMY,BMY,Stocks,EQUITY,NYQ,62.37,65.02,52.0675,52.0675,52.0675,1.0,1.0,,mean of H/L means 12/5 & 12/8 (§20.2031-2(b)),,52.5099983215332,51.689998626708984,52.099998474121094,52.40999984741211,51.65999984741211,52.03499984741211,,
BTI,BTI,Stocks,EQUITY,NYQ,62.65,55.365,57.205,57.205,57.205,1.0,1.0,,mean of H/L means 12/5 & 12/8 (§20.2031-2(b)),,57.439998626708984,56.93000030517578,57.18499946594238,57.689998626708984,56.7599983215332,57.224998474121094,,
AVGO,AVGO,Stocks,EQUITY,NMS,319.55,368.855,395.8425,395.8425,395.8425,1.0,1.0,,mean of H/L means 12/5 & 12/8 (§20.2031-2(b)),,393.5299987792969,385.1499938964844,389.3399963378906,407.2900085449219,397.3999938964844,402.3450012207031,,
BURL,BURL,Stocks,EQUITY,NYQ,306.87,253.78,266.05,266.05,266.05,1.0,1.0,,mean of H/L means 12/5 & 12/8 (§20.2031-2(b)),,273.0799865722656,256.32000732421875,264.6999969482422,272.29998779296875,262.5,267.3999938964844,,
CBRE,CBRE,Stocks,EQUITY,NYQ,147.66,142.86,159.48,159.48,159.48,1.0,1.0,,mean of H/L means 12/5 & 12/8 (§20.2031-2(b)),,162.24000549316406,160.36000061035156,161.3000030517578,160.16000366210938,155.16000366210938,157.66000366210938,,
CHRW,CHRW,Stocks,EQUITY,NMS,185.25,151.77,155.6175,155.6175,155.6175,1.0,1.0,,mean of H/L means 12/5 & 12/8 (§20.2031-2(b)),,158.64999389648438,154.42999267578125,156.5399932861328,156.5399932861328,152.85000610351562,154.69499969482422,,
CI,CI,Stocks,EQUITY,NYQ,289.82,276.77,264.18,264.18,264.18,1.0,1.0,,mean of H/L means 12/5 & 12/8 (§20.2031-2(b)),,269.0799865722656,263.8699951171875,266.47499084472656,265.5,258.2699890136719,261.88499450683594,,
CKHUY,CKHUY,Stocks,EQUITY,PNK,8.19,8.82,7.11,7.11,7.11,1.0,1.0,,mean of H/L means 12/5 & 12/8 (§20.2031-2(b)),,7.21999979019165,7.130000114440918,7.174999952316284,7.079999923706055,7.010000228881836,7.045000076293945,,
CSX,CSX,Stocks,EQUITY,NMS,42.69,49.345,36.4475,36.4475,36.4475,1.0,1.0,,mean of H/L means 12/5 & 12/8 (§20.2031-2(b)),,36.560001373291016,36.09000015258789,36.32500076293945,36.849998474121094,36.290000915527344,36.56999969482422,,
CVS,CVS,Stocks,EQUITY,NYQ,79.9,96.51,75.955,75.955,75.955,1.0,1.0,,mean of H/L means 12/5 & 12/8 (§20.2031-2(b)),,76.88999938964844,74.9800033569336,75.93500137329102,76.94999694824219,75.0,75.9749984741211,,
CAIXY,CAIXY,Stocks,EQUITY,PNK,4.09,5.12,3.8037,3.8037,3.8037,1.0,1.0,,mean of H/L means 12/5 & 12/8 (§20.2031-2(b)),,3.8499999046325684,3.7799999713897705,3.8149999380111694,3.819999933242798,3.765000104904175,3.7925000190734863,,
CCJ,CCJ,Stocks,EQUITY,NYQ,118.4,103.848,92.2525,92.2525,92.2525,1.0,1.0,,mean of H/L means 12/5 & 12/8 (§20.2031-2(b)),,95.0,90.66000366210938,92.83000183105469,92.69000244140625,90.66000366210938,91.67500305175781,,
CP,CP,Stocks,EQUITY,NYQ,87.59,91.58,74.3375,74.3375,74.3375,1.0,1.0,,mean of H/L means 12/5 & 12/8 (§20.2031-2(b)),,74.47000122070312,73.0199966430664,73.74499893188477,75.83999633789062,74.0199966430664,74.92999649047852,,
CGEMY,CGEMY,Stocks,EQUITY,PNK,25.25,24.46,33.71,33.71,33.71,1.0,1.0,,mean of H/L means 12/5 & 12/8 (§20.2031-2(b)),,33.779998779296875,33.5,33.63999938964844,33.970001220703125,33.59000015258789,33.78000068664551,,
COF,COF,Stocks,EQUITY,NYQ,195.64,215.53,231.0125,231.0125,231.0125,1.0,1.0,,mean of H/L means 12/5 & 12/8 (§20.2031-2(b)),,233.00999450683594,228.55999755859375,230.78499603271484,233.0399932861328,229.44000244140625,231.23999786376953,,
CAH,CAH,Stocks,EQUITY,NYQ,229.23,240.955,199.055,199.055,199.055,1.0,1.0,,mean of H/L means 12/5 & 12/8 (§20.2031-2(b)),,200.25999450683594,198.10000610351562,199.18000030517578,199.69000244140625,198.1699981689453,198.93000030517578,,
CABGY,CABGY,Stocks,EQUITY,PNK,31.1,27.63,25.1325,25.1325,25.1325,1.0,1.0,,mean of H/L means 12/5 & 12/8 (§20.2031-2(b)),,25.489999771118164,25.329999923706055,25.40999984741211,25.020000457763672,24.690000534057617,24.855000495910645,,
CG,CG,Stocks,EQUITY,NMS,51.99,46.49,56.6825,56.6825,56.6825,1.0,1.0,,mean of H/L means 12/5 & 12/8 (§20.2031-2(b)),,57.59000015258789,55.970001220703125,56.78000068664551,57.27000045776367,55.900001525878906,56.58500099182129,,
CCL,CCL,Stocks,EQUITY,NYQ,31.55,23.29,25.85,25.85,25.85,1.0,1.0,,mean of H/L means 12/5 & 12/8 (§20.2031-2(b)),,26.040000915527344,25.65999984741211,25.850000381469727,26.149999618530273,25.549999237060547,25.84999942779541,,
CARR,CARR,Stocks,EQUITY,NYQ,64.4,59.535,54.0375,54.0375,54.0375,1.0,1.0,,mean of H/L means 12/5 & 12/8 (§20.2031-2(b)),,54.79999923706055,54.0,54.39999961853027,54.36000061035156,52.9900016784668,53.67500114440918,,
CVNA,CVNA,Stocks,EQUITY,NYQ,334.16,75.36,84.335,421.675,421.675,1.0,5.0,2026-05-08 5:1,mean of H/L means 12/5 & 12/8 (§20.2031-2(b)),,81.63800048828125,79.44200134277344,80.54000091552734,91.39399719238281,84.86599731445312,88.12999725341797,,
CAT,CAT,Stocks,EQUITY,NYQ,742.83,828.03,600.38,600.38,600.38,1.0,1.0,,mean of H/L means 12/5 & 12/8 (§20.2031-2(b)),,607.0,597.739990234375,602.3699951171875,604.8499755859375,591.9299926757812,598.3899841308594,,
CLS,CLS,Stocks,EQUITY,NYQ,277.63,335.05,330.93,330.93,330.93,1.0,1.0,,mean of H/L means 12/5 & 12/8 (§20.2031-2(b)),,327.95001220703125,320.6199951171875,324.2850036621094,343.0,332.1499938964844,337.5749969482422,,
CJPRY,CJPRY,Stocks,EQUITY,PNK,14.711,12.35,13.6575,13.6575,13.6575,1.0,1.0,,mean of H/L means 12/5 & 12/8 (§20.2031-2(b)),,13.680000305175781,13.420000076293945,13.550000190734863,13.989999771118164,13.539999961853027,13.764999866485596,,
CVX,CVX,Stocks,EQUITY,NYQ,186.76,210.503,150.0475,150.0475,150.0475,1.0,1.0,,mean of H/L means 12/5 & 12/8 (§20.2031-2(b)),,152.6300048828125,149.8300018310547,151.2300033569336,150.07000732421875,147.66000366210938,148.86500549316406,,
CMG,CMG,Stocks,EQUITY,NYQ,37.22,37.07,34.0,34.0,34.0,1.0,1.0,,mean of H/L means 12/5 & 12/8 (§20.2031-2(b)),,34.150001525878906,33.65999984741211,33.90500068664551,34.65999984741211,33.529998779296875,34.09499931335449,,
CHGCY,CHGCY,Stocks,EQUITY,PNK,33.61,21.07,26.49,26.49,26.49,1.0,1.0,,mean of H/L means 12/5 & 12/8 (§20.2031-2(b)),,27.579999923706055,25.5,26.539999961853027,27.469999313354492,25.40999984741211,26.4399995803833,,
CHD,CHD,Stocks,EQUITY,NYQ,104.86,97.025,83.51,83.51,83.51,1.0,1.0,,mean of H/L means 12/5 & 12/8 (§20.2031-2(b)),,84.9000015258789,83.51000213623047,84.20500183105469,84.13999938964844,81.48999786376953,82.81499862670898,,
CSCO,CSCO,Stocks,EQUITY,NMS,79.46,108.8,78.2725,78.2725,78.2725,1.0,1.0,,mean of H/L means 12/5 & 12/8 (§20.2031-2(b)),,78.19000244140625,77.4000015258789,77.79500198364258,79.37999725341797,78.12000274658203,78.75,,
CRUS,CRUS,Stocks,EQUITY,NMS,141.12,111.695,123.645,123.645,123.645,1.0,1.0,,mean of H/L means 12/5 & 12/8 (§20.2031-2(b)),,124.8499984741211,122.4000015258789,123.625,125.38999938964844,121.94000244140625,123.66500091552734,,
CTAS,CTAS,Stocks,EQUITY,NMS,201.13,200.47,184.935,184.935,184.935,1.0,1.0,,mean of H/L means 12/5 & 12/8 (§20.2031-2(b)),,186.97999572753906,183.8000030517578,185.38999938964844,186.13999938964844,182.82000732421875,184.4800033569336,,
C,C,Stocks,EQUITY,NYQ,110.19,137.85,108.7175,108.7175,108.7175,1.0,1.0,,mean of H/L means 12/5 & 12/8 (§20.2031-2(b)),,109.37000274658203,107.51000213623047,108.44000244140625,110.25,107.73999786376953,108.99499893188477,,
CFG,CFG,Stocks,EQUITY,NYQ,60.19,70.46,55.8775,55.8775,55.8775,1.0,1.0,,mean of H/L means 12/5 & 12/8 (§20.2031-2(b)),,56.16999816894531,55.439998626708984,55.80499839782715,56.439998626708984,55.459999084472656,55.94999885559082,,
NET,NET,Stocks,EQUITY,NYQ,172.19,287.375,203.4475,203.4475,203.4475,1.0,1.0,,mean of H/L means 12/5 & 12/8 (§20.2031-2(b)),,205.30999755859375,199.52000427246094,202.41500091552734,207.1699981689453,201.7899932861328,204.47999572753906,,
KO,KO,Stocks,EQUITY,NYQ,81.56,88.09,70.1125,70.1125,70.1125,1.0,1.0,,mean of H/L means 12/5 & 12/8 (§20.2031-2(b)),,70.70999908447266,69.87000274658203,70.29000091552734,70.37999725341797,69.48999786376953,69.93499755859375,,
CTSH,CTSH,Stocks,EQUITY,NMS,64.43,59.745,80.555,80.555,80.555,1.0,1.0,,mean of H/L means 12/5 & 12/8 (§20.2031-2(b)),,81.1500015258789,79.4800033569336,80.31500244140625,81.19000244140625,80.4000015258789,80.79500198364258,,
CL,CL,Stocks,EQUITY,NYQ,99.14,88.425,77.255,77.255,77.255,1.0,1.0,,mean of H/L means 12/5 & 12/8 (§20.2031-2(b)),,78.20999908447266,77.23999786376953,77.7249984741211,77.55000305175781,76.0199966430664,76.78499984741211,,
CMCSA,CMCSA,Stocks,EQUITY,NMS,30.96,26.16,25.5881,25.5881,27.3025,1.067,1.0,2026-01-05 1067:1000,mean of H/L means 12/5 & 12/8 (§20.2031-2(b)),,26.316776275634766,25.501405715942383,25.909090995788574,25.62324333190918,24.910964965820312,25.267104148864746,,
CODYY,CODYY,Stocks,EQUITY,PNK,20.31,8.56,19.9732,19.9732,19.9732,1.0,1.0,,mean of H/L means 12/5 & 12/8 (§20.2031-2(b)),,20.243000030517578,20.1200008392334,20.18150043487549,19.8799991607666,19.649999618530273,19.764999389648438,,
CFRUY,CFRUY,Stocks,EQUITY,PNK,20.3,22.6,21.42,21.42,21.42,1.0,1.0,,mean of H/L means 12/5 & 12/8 (§20.2031-2(b)),,21.670000076293945,21.450000762939453,21.5600004196167,21.360000610351562,21.200000762939453,21.280000686645508,,
CMPGY,CMPGY,Stocks,EQUITY,OQX,30.72,30.44,31.485,31.485,31.485,1.0,1.0,,mean of H/L means 12/5 & 12/8 (§20.2031-2(b)),,31.84000015258789,31.540000915527344,31.690000534057617,31.3799991607666,31.18000030517578,31.27999973297119,,
CAG,CAG,Stocks,EQUITY,NYQ,19.25,15.255,17.06,17.06,17.06,1.0,1.0,,mean of H/L means 12/5 & 12/8 (§20.2031-2(b)),,17.139999389648438,16.860000610351562,17.0,17.350000381469727,16.889999389648438,17.119999885559082,,
COP,COP,Stocks,EQUITY,NYQ,113.46,134.9,93.4125,93.4125,93.4125,1.0,1.0,,mean of H/L means 12/5 & 12/8 (§20.2031-2(b)),,95.06999969482422,92.08000183105469,93.57500076293945,94.23999786376953,92.26000213623047,93.25,,
ED,ED,Stocks,EQUITY,NYQ,112.52,108.735,96.1,96.1,96.1,1.0,1.0,,mean of H/L means 12/5 & 12/8 (§20.2031-2(b)),,96.91000366210938,95.95999908447266,96.43500137329102,96.56999969482422,94.95999908447266,95.76499938964844,,
CPAY,CPAY,Stocks,EQUITY,NYQ,325.1,407.91,306.455,306.455,306.455,1.0,1.0,,mean of H/L means 12/5 & 12/8 (§20.2031-2(b)),,312.2799987792969,299.17999267578125,305.72999572753906,311.5,302.8599853515625,307.17999267578125,,
CTVA,CTVA,Stocks,EQUITY,NYQ,80.12,86.185,66.0225,66.0225,66.0225,1.0,1.0,,mean of H/L means 12/5 & 12/8 (§20.2031-2(b)),,67.02999877929688,65.93000030517578,66.47999954223633,66.06999969482422,65.05999755859375,65.56499862670898,,
COST,COST,Stocks,EQUITY,NMS,1010.79,909.83,893.9475,893.9475,893.9475,1.0,1.0,,mean of H/L means 12/5 & 12/8 (§20.2031-2(b)),,905.8900146484375,893.0,899.4450073242188,894.0,882.9000244140625,888.4500122070312,,
CRWD,CRWD,Stocks,EQUITY,NMS,371.98,209.759,129.0256,516.1024,516.1024,1.0,4.0,2026-07-02 4:1,mean of H/L means 12/5 & 12/8 (§20.2031-2(b)),,131.72250366210938,127.08000183105469,129.40125274658203,130.0749969482422,127.2249984741211,128.64999771118164,,
CMI,CMI,Stocks,EQUITY,NYQ,583.87,566.39,510.635,510.635,510.635,1.0,1.0,,mean of H/L means 12/5 & 12/8 (§20.2031-2(b)),,514.4299926757812,506.44000244140625,510.43499755859375,515.8300170898438,505.8399963378906,510.8350067138672,,
DHI,DHI,Stocks,EQUITY,NYQ,160.39,139.1,157.67,157.67,157.67,1.0,1.0,,mean of H/L means 12/5 & 12/8 (§20.2031-2(b)),,162.10000610351562,158.52000427246094,160.31000518798828,158.0,152.05999755859375,155.02999877929688,,
DNBBY,DNBBY,Stocks,EQUITY,PNK,31.58,34.63,26.7075,26.7075,26.7075,1.0,1.0,,mean of H/L means 12/5 & 12/8 (§20.2031-2(b)),,26.84000015258789,26.6200008392334,26.730000495910645,26.760000228881836,26.610000610351562,26.6850004196167,,
DKILY,DKILY,Stocks,EQUITY,PNK,12.7,13.21,12.61,12.61,12.61,1.0,1.0,,mean of H/L means 12/5 & 12/8 (§20.2031-2(b)),,13.09000015258789,12.319999694824219,12.704999923706055,12.710000038146973,12.319999694824219,12.514999866485596,,
MBGYY,MBGYY,Stocks,EQUITY,PNK,17.33,13.81,17.855,17.855,17.855,1.0,1.0,,mean of H/L means 12/5 & 12/8 (§20.2031-2(b)),,17.90999984741211,17.760000228881836,17.835000038146973,17.989999771118164,17.760000228881836,17.875,,
DHR,DHR,Stocks,EQUITY,NYQ,210.64,206.28,225.875,225.875,225.875,1.0,1.0,,mean of H/L means 12/5 & 12/8 (§20.2031-2(b)),,228.47999572753906,225.0,226.73999786376953,226.75999450683594,223.25999450683594,225.00999450683594,,
DANOY,DANOY,Stocks,EQUITY,OQX,17.15,15.05,17.73,17.73,17.73,1.0,1.0,,mean of H/L means 12/5 & 12/8 (§20.2031-2(b)),,17.84000015258789,17.68000030517578,17.760000228881836,17.780000686645508,17.6200008392334,17.700000762939453,,
DNKEY,DNKEY,Stocks,EQUITY,OID,26.09,29.37,23.6775,23.6775,23.6775,1.0,1.0,,mean of H/L means 12/5 & 12/8 (§20.2031-2(b)),,23.75,23.479999542236328,23.614999771118164,23.889999389648438,23.59000015258789,23.739999771118164,,
DDOG,DDOG,Stocks,EQUITY,NMS,111.96,209.06,152.9363,152.9363,152.9363,1.0,1.0,,mean of H/L means 12/5 & 12/8 (§20.2031-2(b)),,153.0500030517578,150.0749969482422,151.5625,156.10000610351562,152.52000427246094,154.31000518798828,,
DECK,DECK,Stocks,EQUITY,NYQ,117.27,82.76,99.04,99.04,99.04,1.0,1.0,,mean of H/L means 12/5 & 12/8 (§20.2031-2(b)),,99.73999786376953,96.18000030517578,97.95999908447266,101.23999786376953,99.0,100.11999893188477,,
DE,DE,Stocks,EQUITY,NYQ,629.71,684.805,478.26,478.26,478.26,1.0,1.0,,mean of H/L means 12/5 & 12/8 (§20.2031-2(b)),,485.44000244140625,473.69000244140625,479.56500244140625,488.989990234375,464.9200134277344,476.9550018310547,,
DELL,DELL,Stocks,EQUITY,NYQ,148.08,532.35,139.0625,139.0625,139.0625,1.0,1.0,,mean of H/L means 12/5 & 12/8 (§20.2031-2(b)),,139.1999969482422,136.11000061035156,137.65499877929688,142.33999633789062,138.60000610351562,140.47000122070312,,
DAL,DAL,Stocks,EQUITY,NYQ,65.7,79.73,66.9625,66.9625,66.9625,1.0,1.0,,mean of H/L means 12/5 & 12/8 (§20.2031-2(b)),,67.75,66.30000305175781,67.0250015258789,67.75,66.05000305175781,66.9000015258789,,
DNZOY,DNZOY,Stocks,EQUITY,PNK,14.28,12.15,13.0075,13.0075,13.0075,1.0,1.0,,mean of H/L means 12/5 & 12/8 (§20.2031-2(b)),,13.399999618530273,12.850000381469727,13.125,12.920000076293945,12.859999656677246,12.889999866485596,,
DBOEY,DBOEY,Stocks,EQUITY,PNK,27.35,32.51,25.97,25.97,25.97,1.0,1.0,,mean of H/L means 12/5 & 12/8 (§20.2031-2(b)),,26.010000228881836,25.75,25.880000114440918,26.209999084472656,25.90999984741211,26.059999465942383,,
DTEGY,DTEGY,Stocks,EQUITY,OQX,40.28,32.76,31.9,31.9,31.9,1.0,1.0,,mean of H/L means 12/5 & 12/8 (§20.2031-2(b)),,32.16999816894531,31.979999542236328,32.07499885559082,32.04999923706055,31.399999618530273,31.72499942779541,,
DHLGY,DHLGY,Stocks,EQUITY,OID,58.92,31.94,26.5862,53.1724,53.1724,1.0,2.0,2026-03-30 2:1,mean of H/L means 12/5 & 12/8 (§20.2031-2(b)),,26.614999771118164,26.44499969482422,26.52999973297119,26.739999771118164,26.545000076293945,26.642499923706055,,
DEO,DEO,Stocks,EQUITY,NYQ,89.5,87.28,88.4325,88.4325,88.4325,1.0,1.0,,mean of H/L means 12/5 & 12/8 (§20.2031-2(b)),,90.4800033569336,88.30999755859375,89.39500045776367,88.22000122070312,86.72000122070312,87.47000122070312,,
DKS,DKS,Stocks,EQUITY,NYQ,203.63,133.52,227.9575,227.9575,227.9575,1.0,1.0,,mean of H/L means 12/5 & 12/8 (§20.2031-2(b)),,236.86000061035156,226.33999633789062,231.5999984741211,229.89999389648438,218.72999572753906,224.31499481201172,,
DIS,DIS,Stocks,EQUITY,NYQ,106.04,104.465,105.9025,105.9025,105.9025,1.0,1.0,,mean of H/L means 12/5 & 12/8 (§20.2031-2(b)),,106.16999816894531,104.55999755859375,105.36499786376953,108.05000305175781,104.83000183105469,106.44000244140625,,
DLTR,DLTR,Stocks,EQUITY,NMS,126.48,124.49,120.875,120.875,120.875,1.0,1.0,,mean of H/L means 12/5 & 12/8 (§20.2031-2(b)),,125.79000091552734,115.62999725341797,120.70999908447266,124.6500015258789,117.43000030517578,121.04000091552734,,
DASH,DASH,Stocks,EQUITY,NMS,176.47,201.995,223.305,223.305,223.305,1.0,1.0,,mean of H/L means 12/5 & 12/8 (§20.2031-2(b)),,227.7100067138672,220.47999572753906,224.09500122070312,225.64999389648438,219.3800048828125,222.51499938964844,,
DOV,DOV,Stocks,EQUITY,NYQ,225.5,195.18,190.9075,190.9075,190.9075,1.0,1.0,,mean of H/L means 12/5 & 12/8 (§20.2031-2(b)),,191.1699981689453,189.5800018310547,190.375,192.60000610351562,190.27999877929688,191.44000244140625,,
DOW,DOW,Stocks,EQUITY,NYQ,30.73,29.785,23.1575,23.1575,23.1575,1.0,1.0,,mean of H/L means 12/5 & 12/8 (§20.2031-2(b)),,23.684999465942383,22.934999465942383,23.309999465942383,23.25,22.760000228881836,23.005000114440918,,
DKNG,DKNG,Stocks,EQUITY,NMS,23.84,23.804,34.795,34.795,34.795,1.0,1.0,,mean of H/L means 12/5 & 12/8 (§20.2031-2(b)),,35.84000015258789,33.72999954223633,34.78499984741211,35.61000061035156,34.0,34.80500030517578,,
DSDVY,DSDVY,Stocks,EQUITY,PNK,128.83,102.65,119.7108,119.7108,119.7108,1.0,1.0,,mean of H/L means 12/5 & 12/8 (§20.2031-2(b)),,119.56300354003906,118.13999938964844,118.85150146484375,121.33000183105469,119.80999755859375,120.56999969482422,,
EOG,EOG,Stocks,EQUITY,NYQ,124.08,145.99,112.1125,112.1125,112.1125,1.0,1.0,,mean of H/L means 12/5 & 12/8 (§20.2031-2(b)),,114.25,111.80999755859375,113.02999877929688,112.31999969482422,110.06999969482422,111.19499969482422,,
EONGY,EONGY,Stocks,EQUITY,PNK,23.28,20.45,17.9525,17.9525,17.9525,1.0,1.0,,mean of H/L means 12/5 & 12/8 (§20.2031-2(b)),,18.010000228881836,17.850000381469727,17.93000030517578,18.049999237060547,17.899999618530273,17.97499942779541,,
EQT,EQT,Stocks,EQUITY,NYQ,61.42,55.38,60.3525,60.3525,60.3525,1.0,1.0,,mean of H/L means 12/5 & 12/8 (§20.2031-2(b)),,62.22999954223633,60.279998779296875,61.2549991607666,60.4900016784668,58.40999984741211,59.45000076293945,,
EBAY,EBAY,Stocks,EQUITY,NMS,90.86,102.8,82.77,82.77,82.77,1.0,1.0,,mean of H/L means 12/5 & 12/8 (§20.2031-2(b)),,82.70999908447266,81.44999694824219,82.07999801635742,84.56999969482422,82.3499984741211,83.45999908447266,,
ECL,ECL,Stocks,EQUITY,NYQ,308.35,278.01,260.2325,260.2325,260.2325,1.0,1.0,,mean of H/L means 12/5 & 12/8 (§20.2031-2(b)),,265.20001220703125,259.1300048828125,262.1650085449219,259.70001220703125,256.8999938964844,258.3000030517578,,
EW,EW,Stocks,EQUITY,NYQ,86.47,87.195,86.0025,86.0025,86.0025,1.0,1.0,,mean of H/L means 12/5 & 12/8 (§20.2031-2(b)),,87.88999938964844,85.94999694824219,86.91999816894531,86.01000213623047,84.16000366210938,85.08500289916992,,
ELAN,ELAN,Stocks,EQUITY,NYQ,26.4,24.065,21.865,21.865,21.865,1.0,1.0,,mean of H/L means 12/5 & 12/8 (§20.2031-2(b)),,22.030000686645508,21.709999084472656,21.869999885559082,22.190000534057617,21.530000686645508,21.860000610351562,,
EMR,EMR,Stocks,EQUITY,NYQ,150.75,152.18,136.835,136.835,136.835,1.0,1.0,,mean of H/L means 12/5 & 12/8 (§20.2031-2(b)),,138.08999633789062,136.0,137.0449981689453,137.7100067138672,135.5399932861328,136.625,,
ENLAY,ENLAY,Stocks,EQUITY,PNK,11.99,10.33,10.15,10.15,10.15,1.0,1.0,,mean of H/L means 12/5 & 12/8 (§20.2031-2(b)),,10.210000038146973,10.119999885559082,10.164999961853027,10.170000076293945,10.100000381469727,10.135000228881836,,
ENGIY,ENGIY,Stocks,EQUITY,PNK,33.95,27.94,25.1575,25.1575,25.1575,1.0,1.0,,mean of H/L means 12/5 & 12/8 (§20.2031-2(b)),,25.190000534057617,24.940000534057617,25.065000534057617,25.360000610351562,25.139999389648438,25.25,,
ETR,ETR,Stocks,EQUITY,NYQ,107.11,108.785,93.8025,93.8025,93.8025,1.0,1.0,,mean of H/L means 12/5 & 12/8 (§20.2031-2(b)),,94.81999969482422,93.62999725341797,94.2249984741211,94.20999908447266,92.55000305175781,93.38000106811523,,
EPOAY,EPOAY,Stocks,EQUITY,PNK,29.92,27.97,22.3325,22.3325,22.3325,1.0,1.0,,mean of H/L means 12/5 & 12/8 (§20.2031-2(b)),,22.389999389648438,22.18000030517578,22.28499984741211,22.469999313354492,22.290000915527344,22.380000114440918,,
EFX,EFX,Stocks,EQUITY,NYQ,208.96,171.41,210.7225,210.7225,210.7225,1.0,1.0,,mean of H/L means 12/5 & 12/8 (§20.2031-2(b)),,213.02999877929688,210.08999633789062,211.55999755859375,211.0500030517578,208.72000122070312,209.88500213623047,,
EQNR,EQNR,Stocks,EQUITY,NYQ,29.83,43.215,23.1875,23.1875,23.1875,1.0,1.0,,mean of H/L means 12/5 & 12/8 (§20.2031-2(b)),,23.440000534057617,22.989999771118164,23.21500015258789,23.309999465942383,23.010000228881836,23.15999984741211,,
ERIC,ERIC,Stocks,EQUITY,NMS,11.6,10.135,9.5425,9.5425,9.5425,1.0,1.0,,mean of H/L means 12/5 & 12/8 (§20.2031-2(b)),,9.579999923706055,9.489999771118164,9.53499984741211,9.59000015258789,9.510000228881836,9.550000190734863,,
ESLOY,ESLOY,Stocks,EQUITY,PNK,133.0,86.7,176.065,176.065,176.065,1.0,1.0,,mean of H/L means 12/5 & 12/8 (§20.2031-2(b)),,176.61000061035156,176.02999877929688,176.31999969482422,176.36000061035156,175.25999450683594,175.80999755859375,,
ES,ES,Stocks,EQUITY,NYQ,76.21,72.03,66.915,66.915,66.915,1.0,1.0,,mean of H/L means 12/5 & 12/8 (§20.2031-2(b)),,67.47000122070312,66.37000274658203,66.92000198364258,67.5199966430664,66.30000305175781,66.90999984741211,,
EVVTY,EVVTY,Stocks,EQUITY,PNK,60.48,89.375,66.3725,66.3725,66.3725,1.0,1.0,,mean of H/L means 12/5 & 12/8 (§20.2031-2(b)),,66.41999816894531,65.83999633789062,66.12999725341797,67.13999938964844,66.08999633789062,66.61499786376953,,
EXC,EXC,Stocks,EQUITY,NMS,49.47,44.265,43.7875,43.7875,43.7875,1.0,1.0,,mean of H/L means 12/5 & 12/8 (§20.2031-2(b)),,44.220001220703125,43.77000045776367,43.9950008392334,43.970001220703125,43.189998626708984,43.579999923706055,,
EXEL,EXEL,Stocks,EQUITY,NMS,44.06,58.36,43.7275,43.7275,43.7275,1.0,1.0,,mean of H/L means 12/5 & 12/8 (§20.2031-2(b)),,44.59000015258789,43.849998474121094,44.21999931335449,44.59000015258789,41.880001068115234,43.23500061035156,,
EXPD,EXPD,Stocks,EQUITY,NYQ,145.03,186.87,149.8525,149.8525,149.8525,1.0,1.0,,mean of H/L means 12/5 & 12/8 (§20.2031-2(b)),,151.6699981689453,149.24000549316406,150.4550018310547,150.89999389648438,147.60000610351562,149.25,,
XOM,XOM,Stocks,EQUITY,NYQ,152.5,160.34,116.8075,116.8075,116.8075,1.0,1.0,,mean of H/L means 12/5 & 12/8 (§20.2031-2(b)),,118.77999877929688,116.41000366210938,117.59500122070312,117.0,115.04000091552734,116.02000045776367,,
FNB,FNB,Stocks,EQUITY,NYQ,16.99,18.505,16.9625,16.9625,16.9625,1.0,1.0,,mean of H/L means 12/5 & 12/8 (§20.2031-2(b)),,17.010000228881836,16.8700008392334,16.940000534057617,17.079999923706055,16.889999389648438,16.984999656677246,,
META,META,Stocks,EQUITY,NMS,648.18,616.81,669.715,669.715,669.715,1.0,1.0,,mean of H/L means 12/5 & 12/8 (§20.2031-2(b)),,674.6900024414062,662.3900146484375,668.5400085449219,676.7100219726562,665.0700073242188,670.8900146484375,,
FANUY,FANUY,Stocks,EQUITY,PNK,22.65,18.83,19.1525,19.1525,19.1525,1.0,1.0,,mean of H/L means 12/5 & 12/8 (§20.2031-2(b)),,19.690000534057617,19.09000015258789,19.390000343322754,19.0,18.829999923706055,18.914999961853027,,
FRCOY,FRCOY,Stocks,EQUITY,PNK,44.15,44.5,36.1775,36.1775,36.1775,1.0,1.0,,mean of H/L means 12/5 & 12/8 (§20.2031-2(b)),,36.849998474121094,36.119998931884766,36.48499870300293,36.02000045776367,35.720001220703125,35.8700008392334,,
FAST,FAST,Stocks,EQUITY,NMS,46.04,49.445,41.4,41.4,41.4,1.0,1.0,,mean of H/L means 12/5 & 12/8 (§20.2031-2(b)),,41.97999954223633,41.380001068115234,41.68000030517578,41.5,40.7400016784668,41.1200008392334,,
FDX,FDX,Stocks,EQUITY,NYQ,387.0,317.055,222.639,276.295,276.295,1.0,1.241,2026-06-01 1241:1000,mean of H/L means 12/5 & 12/8 (§20.2031-2(b)),,222.884765625,219.98388671875,221.434326171875,225.2457733154297,222.4415740966797,223.8436737060547,,
FERG,FERG,Stocks,EQUITY,NYQ,260.76,229.03,248.5425,248.5425,248.5425,1.0,1.0,,mean of H/L means 12/5 & 12/8 (§20.2031-2(b)),,251.17999267578125,247.99000549316406,249.58499908447266,250.49000549316406,244.50999450683594,247.5,,
FIS,FIS,Stocks,EQUITY,NYQ,50.96,39.69,66.075,66.075,66.075,1.0,1.0,,mean of H/L means 12/5 & 12/8 (§20.2031-2(b)),,66.93000030517578,65.33999633789062,66.1349983215332,66.47000122070312,65.55999755859375,66.01499938964844,,
FCNCA,FCNCA,Stocks,EQUITY,NMS,1898.15,2179.8,1970.4375,1970.4375,1970.4375,1.0,1.0,,mean of H/L means 12/5 & 12/8 (§20.2031-2(b)),,1980.0400390625,1950.3699951171875,1965.2050170898438,1989.3699951171875,1961.969970703125,1975.6699829101562,,
FSLR,FSLR,Stocks,EQUITY,NMS,197.2,214.78,257.2875,257.2875,257.2875,1.0,1.0,,mean of H/L means 12/5 & 12/8 (§20.2031-2(b)),,264.0,255.1199951171875,259.55999755859375,258.7099914550781,251.32000732421875,255.01499938964844,,
FE,FE,Stocks,EQUITY,NYQ,51.16,46.93,44.9075,44.9075,44.9075,1.0,1.0,,mean of H/L means 12/5 & 12/8 (§20.2031-2(b)),,45.310001373291016,44.810001373291016,45.060001373291016,44.959999084472656,44.54999923706055,44.7549991607666,,
FIVE,FIVE,Stocks,EQUITY,NMS,223.53,254.825,174.9875,174.9875,174.9875,1.0,1.0,,mean of H/L means 12/5 & 12/8 (§20.2031-2(b)),,177.72999572753906,167.60000610351562,172.66500091552734,180.0500030517578,174.57000732421875,177.31000518798828,,
FSUGY,FSUGY,Stocks,EQUITY,OQX,29.81,25.5,29.17,29.17,29.17,1.0,1.0,,mean of H/L means 12/5 & 12/8 (§20.2031-2(b)),,29.5,29.1299991607666,29.3149995803833,29.299999237060547,28.75,29.024999618530273,,
FTNT,FTNT,Stocks,EQUITY,NMS,79.03,156.415,85.6275,85.6275,85.6275,1.0,1.0,,mean of H/L means 12/5 & 12/8 (§20.2031-2(b)),,86.94000244140625,85.19999694824219,86.06999969482422,87.11000061035156,83.26000213623047,85.18500137329102,,
FOXA,FOXA,Stocks,EQUITY,NMS,56.34,64.91,68.71,68.71,68.71,1.0,1.0,,mean of H/L means 12/5 & 12/8 (§20.2031-2(b)),,69.23999786376953,67.7699966430664,68.50499725341797,69.62999725341797,68.19999694824219,68.91499710083008,,
FNV,FNV,Stocks,EQUITY,NYQ,280.61,264.45,203.19,203.19,203.19,1.0,1.0,,mean of H/L means 12/5 & 12/8 (§20.2031-2(b)),,207.11000061035156,202.17999267578125,204.6449966430664,204.47999572753906,198.99000549316406,201.73500061035156,,
FSNUY,FSNUY,Stocks,EQUITY,PNK,15.1,12.99,13.935,13.935,13.935,1.0,1.0,,mean of H/L means 12/5 & 12/8 (§20.2031-2(b)),,14.050000190734863,13.8100004196167,13.930000305175781,14.079999923706055,13.800000190734863,13.940000057220459,,
FUJIY,FUJIY,Stocks,EQUITY,PNK,10.26,10.33,10.405,10.405,10.405,1.0,1.0,,mean of H/L means 12/5 & 12/8 (§20.2031-2(b)),,10.460000038146973,10.34000015258789,10.400000095367432,10.460000038146973,10.359999656677246,10.40999984741211,,
FJTSY,FJTSY,Stocks,EQUITY,PNK,22.12,24.45,26.03,26.03,26.03,1.0,1.0,,mean of H/L means 12/5 & 12/8 (§20.2031-2(b)),,26.1299991607666,26.010000228881836,26.06999969482422,26.1299991607666,25.850000381469727,25.989999771118164,,
AJG,AJG,Stocks,EQUITY,NYQ,228.2,253.155,240.035,240.035,240.035,1.0,1.0,,mean of H/L means 12/5 & 12/8 (§20.2031-2(b)),,245.0,238.64999389648438,241.8249969482422,239.7899932861328,236.6999969482422,238.2449951171875,,
GEV,GEV,Stocks,EQUITY,NYQ,873.6,971.585,626.2495,626.2495,626.2495,1.0,1.0,,mean of H/L means 12/5 & 12/8 (§20.2031-2(b)),,640.0,621.2000122070312,630.6000061035156,636.3980102539062,607.4000244140625,621.8990173339844,,
GE,GE,Stocks,EQUITY,NYQ,342.26,336.61,286.8925,286.8925,286.8925,1.0,1.0,,mean of H/L means 12/5 & 12/8 (§20.2031-2(b)),,293.2799987792969,282.1499938964844,287.7149963378906,288.8399963378906,283.29998779296875,286.0699920654297,,
GIS,GIS,Stocks,EQUITY,NYQ,45.23,36.95,45.8225,45.8225,45.8225,1.0,1.0,,mean of H/L means 12/5 & 12/8 (§20.2031-2(b)),,46.34000015258789,45.68000030517578,46.010000228881836,46.119998931884766,45.150001525878906,45.635000228881836,,
GM,GM,Stocks,EQUITY,NYQ,78.71,85.82,75.9675,75.9675,75.9675,1.0,1.0,,mean of H/L means 12/5 & 12/8 (§20.2031-2(b)),,77.0,75.0,76.0,76.66999816894531,75.19999694824219,75.93499755859375,,
GMAB,GMAB,Stocks,EQUITY,NMS,29.44,33.73,31.8715,31.8715,31.8715,1.0,1.0,,mean of H/L means 12/5 & 12/8 (§20.2031-2(b)),,32.130001068115234,31.5,31.815000534057617,32.17100143432617,31.684999465942383,31.928000450134277,,
GPC,GPC,Stocks,EQUITY,NYQ,119.26,134.44,129.285,129.285,129.285,1.0,1.0,,mean of H/L means 12/5 & 12/8 (§20.2031-2(b)),,130.44000244140625,128.39999389648438,129.4199981689453,130.24000549316406,128.05999755859375,129.1500015258789,,
GILD,GILD,Stocks,EQUITY,NMS,148.95,146.8,121.455,121.455,121.455,1.0,1.0,,mean of H/L means 12/5 & 12/8 (§20.2031-2(b)),,122.52999877929688,120.37999725341797,121.45499801635742,122.37000274658203,120.54000091552734,121.45500183105469,,
GSK,GSK,Stocks,EQUITY,NYQ,59.13,48.695,48.3975,48.3975,48.3975,1.0,1.0,,mean of H/L means 12/5 & 12/8 (§20.2031-2(b)),,48.849998474121094,48.0099983215332,48.42999839782715,48.58000183105469,48.150001525878906,48.3650016784668,,
GLNCY,GLNCY,Stocks,EQUITY,PNK,14.34,16.92,10.0875,10.0875,10.0875,1.0,1.0,,mean of H/L means 12/5 & 12/8 (§20.2031-2(b)),,10.1899995803833,10.020000457763672,10.105000019073486,10.130000114440918,10.010000228881836,10.070000171661377,,
GWW,GWW,Stocks,EQUITY,NYQ,1144.73,1285.24,968.495,968.495,968.495,1.0,1.0,,mean of H/L means 12/5 & 12/8 (§20.2031-2(b)),,977.1400146484375,961.8099975585938,969.4750061035156,977.239990234375,957.7899780273438,967.5149841308594,,
GFF,GFF,Stocks,EQUITY,NYQ,85.24,97.955,73.49,73.49,73.49,1.0,1.0,,mean of H/L means 12/5 & 12/8 (§20.2031-2(b)),,74.05000305175781,72.7699966430664,73.40999984741211,74.2699966430664,72.87000274658203,73.56999969482422,,
HCA,HCA,Stocks,EQUITY,NYQ,529.7,403.2,487.05,487.05,487.05,1.0,1.0,,mean of H/L means 12/5 & 12/8 (§20.2031-2(b)),,491.1400146484375,483.739990234375,487.44000244140625,490.07000732421875,483.25,486.6600036621094,,
HSBC,HSBC,Stocks,EQUITY,NYQ,93.16,106.71,71.17,71.17,71.17,1.0,1.0,,mean of H/L means 12/5 & 12/8 (§20.2031-2(b)),,71.75,70.91000366210938,71.33000183105469,71.18000030517578,70.83999633789062,71.0099983215332,,
HAL,HAL,Stocks,EQUITY,NYQ,36.0,36.98,28.245,28.245,28.245,1.0,1.0,,mean of H/L means 12/5 & 12/8 (§20.2031-2(b)),,28.649999618530273,27.8799991607666,28.264999389648438,28.559999465942383,27.889999389648438,28.22499942779541,,
HIG,HIG,Stocks,EQUITY,NYQ,140.83,136.91,129.8275,129.8275,129.8275,1.0,1.0,,mean of H/L means 12/5 & 12/8 (§20.2031-2(b)),,131.60000610351562,129.07000732421875,130.3350067138672,130.33999633789062,128.3000030517578,129.31999969482422,,
HDLMY,HDLMY,Stocks,EQUITY,PNK,44.66,37.46,51.3475,51.3475,51.3475,1.0,1.0,,mean of H/L means 12/5 & 12/8 (§20.2031-2(b)),,51.56999969482422,50.90999984741211,51.239999771118164,51.83000183105469,51.08000183105469,51.45500183105469,,
HEINY,HEINY,Stocks,EQUITY,OQX,46.22,42.55,39.99,39.99,39.99,1.0,1.0,,mean of H/L means 12/5 & 12/8 (§20.2031-2(b)),,40.5099983215332,40.18000030517578,40.34499931335449,39.77000045776367,39.5,39.635000228881836,,
HXGBY,HXGBY,Stocks,EQUITY,PNK,11.285,9.85,11.683,11.683,11.683,1.0,1.0,,mean of H/L means 12/5 & 12/8 (§20.2031-2(b)),,11.779999732971191,11.670000076293945,11.724999904632568,11.670000076293945,11.612000465393066,11.641000270843506,,
HLT,HLT,Stocks,EQUITY,NYQ,311.78,306.995,271.86,271.86,271.86,1.0,1.0,,mean of H/L means 12/5 & 12/8 (§20.2031-2(b)),,274.6199951171875,271.2300109863281,272.9250030517578,273.0400085449219,268.54998779296875,270.7949981689453,,
HTHIY,HTHIY,Stocks,EQUITY,PNK,33.37,33.89,31.6,31.6,31.6,1.0,1.0,,mean of H/L means 12/5 & 12/8 (§20.2031-2(b)),,31.889999389648438,31.200000762939453,31.545000076293945,32.029998779296875,31.280000686645508,31.65499973297119,,
HD,HD,Stocks,EQUITY,NYQ,380.72,315.02,350.735,350.735,350.735,1.0,1.0,,mean of H/L means 12/5 & 12/8 (§20.2031-2(b)),,355.6199951171875,349.5299987792969,352.5749969482422,352.0899963378906,345.70001220703125,348.89500427246094,,
HON,HON,Stocks,EQUITY,NMS,243.59,208.19,201.075,191.725,191.725,1.0,0.9535,2026-06-29 1907:2000,mean of H/L means 12/5 & 12/8 (§20.2031-2(b)),,202.7897186279297,199.9475555419922,201.36863708496094,201.74095153808594,199.82171630859375,200.78133392333984,,
HKXCY,HKXCY,Stocks,EQUITY,PNK,53.93,51.51,51.995,51.995,51.995,1.0,1.0,,mean of H/L means 12/5 & 12/8 (§20.2031-2(b)),,52.5,51.79999923706055,52.14999961853027,52.0,51.68000030517578,51.84000015258789,,
HOPE,HOPE,Stocks,EQUITY,NMS,11.26,14.06,10.945,10.945,10.945,1.0,1.0,,mean of H/L means 12/5 & 12/8 (§20.2031-2(b)),,10.960000038146973,10.819999694824219,10.889999866485596,11.119999885559082,10.880000114440918,11.0,,
HWM,HWM,Stocks,EQUITY,NYQ,262.53,237.87,192.8725,192.8725,192.8725,1.0,1.0,,mean of H/L means 12/5 & 12/8 (§20.2031-2(b)),,197.16000366210938,188.8300018310547,192.99500274658203,194.69000244140625,190.80999755859375,192.75,,
HOCPY,HOCPY,Stocks,EQUITY,PNK,180.16,151.195,153.435,153.435,153.435,1.0,1.0,,mean of H/L means 12/5 & 12/8 (§20.2031-2(b)),,154.85000610351562,152.77000427246094,153.81000518798828,153.50999450683594,152.61000061035156,153.05999755859375,,
HUBB,HUBB,Stocks,EQUITY,NYQ,511.63,465.438,440.8325,440.8325,440.8325,1.0,1.0,,mean of H/L means 12/5 & 12/8 (§20.2031-2(b)),,442.82000732421875,435.7300109863281,439.27500915527344,449.3599853515625,435.4200134277344,442.38999938964844,,
HII,HII,Stocks,EQUITY,NYQ,444.52,290.05,309.565,309.565,309.565,1.0,1.0,,mean of H/L means 12/5 & 12/8 (§20.2031-2(b)),,317.8599853515625,300.20001220703125,309.0299987792969,316.5899963378906,303.6099853515625,310.09999084472656,,
IBDRY,IBDRY,Stocks,EQUITY,OID,94.5,92.53,83.7175,83.7175,83.7175,1.0,1.0,,mean of H/L means 12/5 & 12/8 (§20.2031-2(b)),,84.13999938964844,83.48999786376953,83.81499862670898,83.98999786376953,83.25,83.61999893188477,,
IDXX,IDXX,Stocks,EQUITY,NMS,656.73,526.93,714.93,714.93,714.93,1.0,1.0,,mean of H/L means 12/5 & 12/8 (§20.2031-2(b)),,722.7100219726562,710.510009765625,716.6100158691406,721.5,705.0,713.25,,
ILMN,ILMN,Stocks,EQUITY,NMS,134.46,213.41,128.1625,128.1625,128.1625,1.0,1.0,,mean of H/L means 12/5 & 12/8 (§20.2031-2(b)),,129.27000427246094,127.63999938964844,128.4550018310547,129.3000030517578,126.44000244140625,127.87000274658203,,
IMBBY,IMBBY,Stocks,EQUITY,OQX,44.83,33.52,43.29,43.29,43.29,1.0,1.0,,mean of H/L means 12/5 & 12/8 (§20.2031-2(b)),,43.529998779296875,43.119998931884766,43.32499885559082,43.45000076293945,43.060001373291016,43.255001068115234,,
IMO,IMO,Stocks,EQUITY,ASE,117.3,131.81,92.5,92.5,92.5,1.0,1.0,,mean of H/L means 12/5 & 12/8 (§20.2031-2(b)),,94.51000213623047,92.29000091552734,93.4000015258789,92.91000366210938,90.29000091552734,91.60000228881836,,
INCY,INCY,Stocks,EQUITY,NMS,101.27,125.46,99.2025,99.2025,99.2025,1.0,1.0,,mean of H/L means 12/5 & 12/8 (§20.2031-2(b)),,103.68000030517578,98.36000061035156,101.02000045776367,100.43000030517578,94.33999633789062,97.3849983215332,,
IDEXY,IDEXY,Stocks,EQUITY,PNK,16.72,16.37,15.885,15.885,15.885,1.0,1.0,,mean of H/L means 12/5 & 12/8 (§20.2031-2(b)),,16.020000457763672,15.90999984741211,15.96500015258789,16.010000228881836,15.600000381469727,15.805000305175781,,
ING,ING,Stocks,EQUITY,NYQ,28.77,37.345,26.535,26.535,26.535,1.0,1.0,,mean of H/L means 12/5 & 12/8 (§20.2031-2(b)),,26.610000610351562,26.25,26.43000030517578,26.729999542236328,26.549999237060547,26.639999389648438,,
IR,IR,Stocks,EQUITY,NYQ,94.14,75.567,79.6475,79.6475,79.6475,1.0,1.0,,mean of H/L means 12/5 & 12/8 (§20.2031-2(b)),,80.11499786376953,79.36499786376953,79.73999786376953,80.22000122070312,78.88999938964844,79.55500030517578,,
INGR,INGR,Stocks,EQUITY,NYQ,117.46,100.895,107.7675,107.7675,107.7675,1.0,1.0,,mean of H/L means 12/5 & 12/8 (§20.2031-2(b)),,109.55000305175781,107.79000091552734,108.67000198364258,107.9000015258789,105.83000183105469,106.8650016784668,,
INTC,INTC,Stocks,EQUITY,NMS,45.61,104.98,41.45,41.45,41.45,1.0,1.0,,mean of H/L means 12/5 & 12/8 (§20.2031-2(b)),,42.83000183105469,41.150001525878906,41.9900016784668,42.119998931884766,39.70000076293945,40.90999984741211,,
ICE,ICE,Stocks,EQUITY,NYQ,164.13,158.78,157.53,157.53,157.53,1.0,1.0,,mean of H/L means 12/5 & 12/8 (§20.2031-2(b)),,159.1999969482422,157.30999755859375,158.25499725341797,157.85000610351562,155.75999450683594,156.80500030517578,,
IBM,IBM,Stocks,EQUITY,NYQ,240.21,231.7,310.5775,310.5775,310.5775,1.0,1.0,,mean of H/L means 12/5 & 12/8 (§20.2031-2(b)),,311.8299865722656,307.17999267578125,309.50498962402344,315.3500061035156,307.95001220703125,311.65000915527344,,
ISNPY,ISNPY,Stocks,EQUITY,OID,41.05,46.62,39.3675,39.3675,39.3675,1.0,1.0,,mean of H/L means 12/5 & 12/8 (§20.2031-2(b)),,39.88999938964844,39.20000076293945,39.545000076293945,39.34000015258789,39.040000915527344,39.19000053405762,,
INTU,INTU,Stocks,EQUITY,NMS,409.03,315.86,666.415,666.415,666.415,1.0,1.0,,mean of H/L means 12/5 & 12/8 (§20.2031-2(b)),,676.5999755859375,663.5399780273438,670.0699768066406,671.780029296875,653.739990234375,662.760009765625,,
IQV,IQV,Stocks,EQUITY,NYQ,178.81,263.395,223.9075,223.9075,223.9075,1.0,1.0,,mean of H/L means 12/5 & 12/8 (§20.2031-2(b)),,226.63999938964844,221.7100067138672,224.1750030517578,225.05999755859375,222.22000122070312,223.63999938964844,,
ISUZY,ISUZY,Stocks,EQUITY,PNK,18.55,13.81,14.93,14.93,14.93,1.0,1.0,,mean of H/L means 12/5 & 12/8 (§20.2031-2(b)),,15.069999694824219,14.630000114440918,14.849999904632568,15.039999961853027,14.979999542236328,15.009999752044678,,
ITOCY,ITOCY,Stocks,EQUITY,PNK,14.41,14.78,11.94,11.94,119.4,10.0,1.0,2026-01-06 10:1,mean of H/L means 12/5 & 12/8 (§20.2031-2(b)),,11.904999732971191,11.848999977111816,11.876999855041504,12.048999786376953,11.956999778747559,12.002999782562256,,
JPM,JPM,Stocks,EQUITY,NYQ,300.3,355.595,315.745,315.745,315.745,1.0,1.0,,mean of H/L means 12/5 & 12/8 (§20.2031-2(b)),,318.4800109863281,314.67999267578125,316.5800018310547,316.4700012207031,313.3500061035156,314.9100036621094,,
JBL,JBL,Stocks,EQUITY,NYQ,264.99,312.005,223.5525,223.5525,223.5525,1.0,1.0,,mean of H/L means 12/5 & 12/8 (§20.2031-2(b)),,222.3000030517578,218.3800048828125,220.34000396728516,232.05999755859375,221.47000122070312,226.76499938964844,,
JNJ,JNJ,Stocks,EQUITY,NYQ,248.43,270.63,202.1275,202.1275,202.1275,1.0,1.0,,mean of H/L means 12/5 & 12/8 (§20.2031-2(b)),,203.4499969482422,200.80999755859375,202.12999725341797,203.25999450683594,200.99000549316406,202.125,,
KBCSY,KBCSY,Stocks,EQUITY,PNK,67.395,77.19,62.145,62.145,62.145,1.0,1.0,,mean of H/L means 12/5 & 12/8 (§20.2031-2(b)),,62.18000030517578,61.86000061035156,62.02000045776367,62.439998626708984,62.099998474121094,62.26999855041504,,
KLAC,KLAC,Stocks,EQUITY,NMS,1524.55,188.34,122.848,1228.48,1228.48,1.0,10.0,2026-06-12 10:1,mean of H/L means 12/5 & 12/8 (§20.2031-2(b)),,124.0,121.23200225830078,122.61600112915039,124.23999786376953,121.91999816894531,123.07999801635742,,
KKR,KKR,Stocks,EQUITY,NYQ,87.68,106.535,129.4175,129.4175,129.4175,1.0,1.0,,mean of H/L means 12/5 & 12/8 (§20.2031-2(b)),,131.0,127.51000213623047,129.25500106811523,130.47000122070312,128.69000244140625,129.5800018310547,,
KT,KT,Stocks,EQUITY,NYQ,23.8,19.795,18.5525,18.5525,18.5525,1.0,1.0,,mean of H/L means 12/5 & 12/8 (§20.2031-2(b)),,18.770000457763672,18.540000915527344,18.655000686645508,18.530000686645508,18.3700008392334,18.450000762939453,,
KDDIY,KDDIY,Stocks,EQUITY,PNK,17.03,19.33,17.3325,17.3325,17.3325,1.0,1.0,,mean of H/L means 12/5 & 12/8 (§20.2031-2(b)),,17.90999984741211,17.139999389648438,17.524999618530273,17.18000030517578,17.100000381469727,17.140000343322754,,
KVUE,KVUE,Stocks,EQUITY,NYQ,19.12,18.5,16.88,16.88,16.88,1.0,1.0,,mean of H/L means 12/5 & 12/8 (§20.2031-2(b)),,17.084999084472656,16.825000762939453,16.954999923706055,16.90999984741211,16.700000762939453,16.80500030517578,,
PPRUY,PPRUY,Stocks,EQUITY,PNK,33.55,28.24,34.105,34.105,34.105,1.0,1.0,,mean of H/L means 12/5 & 12/8 (§20.2031-2(b)),,34.4900016784668,34.040000915527344,34.26500129699707,34.08000183105469,33.810001373291016,33.94500160217285,,
KDP,KDP,Stocks,EQUITY,NMS,30.28,32.375,28.675,28.675,28.675,1.0,1.0,,mean of H/L means 12/5 & 12/8 (§20.2031-2(b)),,28.760000228881836,28.260000228881836,28.510000228881836,29.1200008392334,28.559999465942383,28.84000015258789,,
KEYS,KEYS,Stocks,EQUITY,NYQ,307.33,333.335,210.4173,210.4173,210.4173,1.0,1.0,,mean of H/L means 12/5 & 12/8 (§20.2031-2(b)),,211.57000732421875,208.8040008544922,210.18700408935547,212.9250030517578,208.3699951171875,210.64749908447266,,
KMB,KMB,Stocks,EQUITY,NMS,111.44,103.675,102.995,102.995,102.995,1.0,1.0,,mean of H/L means 12/5 & 12/8 (§20.2031-2(b)),,104.62999725341797,102.91000366210938,103.77000045776367,102.80000305175781,101.63999938964844,102.22000122070312,,
KGFHY,KGFHY,Stocks,EQUITY,OQX,10.1599,8.07,8.2675,8.2675,8.2675,1.0,1.0,,mean of H/L means 12/5 & 12/8 (§20.2031-2(b)),,8.369999885559082,8.289999961853027,8.329999923706055,8.260000228881836,8.149999618530273,8.204999923706055,,
KIGRY,KIGRY,Stocks,EQUITY,PNK,16.91,13.97,19.0085,19.0085,19.0085,1.0,1.0,,mean of H/L means 12/5 & 12/8 (§20.2031-2(b)),,19.030000686645508,18.860000610351562,18.945000648498535,19.143999099731445,19.0,19.071999549865723,,
KMTUY,KMTUY,Stocks,EQUITY,PNK,48.07,48.04,32.365,32.365,32.365,1.0,1.0,,mean of H/L means 12/5 & 12/8 (§20.2031-2(b)),,32.79999923706055,32.27000045776367,32.53499984741211,32.400001525878906,31.989999771118164,32.195000648498535,,
PHG,PHG,Stocks,EQUITY,NYQ,32.0,25.375,27.14,27.14,27.14,1.0,1.0,,mean of H/L means 12/5 & 12/8 (§20.2031-2(b)),,27.34000015258789,27.0,27.170000076293945,27.389999389648438,26.829999923706055,27.109999656677246,,
KR,KR,Stocks,EQUITY,NYQ,68.24,57.145,63.225,63.225,63.225,1.0,1.0,,mean of H/L means 12/5 & 12/8 (§20.2031-2(b)),,63.939998626708984,62.66999816894531,63.30499839782715,64.13999938964844,62.150001525878906,63.14500045776367,,
LRLCY,LRLCY,Stocks,EQUITY,PNK,93.47,89.93,85.5575,85.5575,85.5575,1.0,1.0,,mean of H/L means 12/5 & 12/8 (§20.2031-2(b)),,87.05999755859375,85.80999755859375,86.43499755859375,85.26000213623047,84.0999984741211,84.68000030517578,,
LHX,LHX,Stocks,EQUITY,NYQ,364.54,255.595,278.5875,278.5875,278.5875,1.0,1.0,,mean of H/L means 12/5 & 12/8 (§20.2031-2(b)),,280.2200012207031,275.2799987792969,277.75,281.75,277.1000061035156,279.4250030517578,,
LVMUY,LVMUY,Stocks,EQUITY,PNK,127.7,98.95,145.3425,145.3425,145.3425,1.0,1.0,,mean of H/L means 12/5 & 12/8 (§20.2031-2(b)),,146.7899932861328,144.72000122070312,145.75499725341797,145.7899932861328,144.07000732421875,144.93000030517578,,
LRCX,LRCX,Stocks,EQUITY,NMS,233.89,319.74,161.1,161.1,161.1,1.0,1.0,,mean of H/L means 12/5 & 12/8 (§20.2031-2(b)),,161.0500030517578,157.8800048828125,159.46500396728516,164.6199951171875,160.85000610351562,162.73500061035156,,
LGGNY,LGGNY,Stocks,EQUITY,PNK,18.28,20.09,16.6825,16.6825,16.6825,1.0,1.0,,mean of H/L means 12/5 & 12/8 (§20.2031-2(b)),,16.790000915527344,16.579999923706055,16.6850004196167,16.75,16.610000610351562,16.68000030517578,,
LGRDY,LGRDY,Stocks,EQUITY,PNK,36.2,33.87,30.18,30.18,30.18,1.0,1.0,,mean of H/L means 12/5 & 12/8 (§20.2031-2(b)),,30.229999542236328,29.90999984741211,30.06999969482422,30.389999389648438,30.190000534057617,30.289999961853027,,
LIF,LIF,Stocks,EQUITY,NMS,52.65,43.325,75.8075,75.8075,75.8075,1.0,1.0,,mean of H/L means 12/5 & 12/8 (§20.2031-2(b)),,79.0199966430664,76.33999633789062,77.67999649047852,76.0,71.87000274658203,73.93500137329102,,
LLY,LLY,Stocks,EQUITY,NYQ,1051.99,1125.73,1008.6175,1008.6175,1008.6175,1.0,1.0,,mean of H/L means 12/5 & 12/8 (§20.2031-2(b)),,1027.3900146484375,1004.0,1015.6950073242188,1014.2000122070312,988.8800048828125,1001.5400085449219,,
LNC,LNC,Stocks,EQUITY,NYQ,34.3,43.783,42.7075,42.7075,42.7075,1.0,1.0,,mean of H/L means 12/5 & 12/8 (§20.2031-2(b)),,43.119998931884766,42.36000061035156,42.739999771118164,43.209999084472656,42.13999938964844,42.67499923706055,,
LYG,LYG,Stocks,EQUITY,NYQ,5.55,6.04,5.1175,5.1175,5.1175,1.0,1.0,,mean of H/L means 12/5 & 12/8 (§20.2031-2(b)),,5.179999828338623,5.110000133514404,5.144999980926514,5.119999885559082,5.059999942779541,5.0899999141693115,,
LMT,LMT,Stocks,EQUITY,NYQ,658.08,536.94,454.0675,454.0675,454.0675,1.0,1.0,,mean of H/L means 12/5 & 12/8 (§20.2031-2(b)),,452.82000732421875,446.4100036621094,449.61500549316406,465.55999755859375,451.4800109863281,458.52000427246094,,
LSEGY,LSEGY,Stocks,EQUITY,OQX,29.95,29.37,28.7608,28.7608,28.7608,1.0,1.0,,mean of H/L means 12/5 & 12/8 (§20.2031-2(b)),,29.17300033569336,28.899999618530273,29.036499977111816,28.780000686645508,28.190000534057617,28.485000610351562,,
LOW,LOW,Stocks,EQUITY,NYQ,264.57,202.445,246.815,246.815,246.815,1.0,1.0,,mean of H/L means 12/5 & 12/8 (§20.2031-2(b)),,248.67999267578125,245.66000366210938,247.1699981689453,248.10000610351562,244.82000732421875,246.4600067138672,,
LULU,LULU,Stocks,EQUITY,NMS,185.17,103.14,186.9375,186.9375,186.9375,1.0,1.0,,mean of H/L means 12/5 & 12/8 (§20.2031-2(b)),,191.85000610351562,184.6199951171875,188.23500061035156,191.27999877929688,180.0,185.63999938964844,,
LITE,LITE,Stocks,EQUITY,NMS,700.91,992.98,335.9885,335.9885,335.9885,1.0,1.0,,mean of H/L means 12/5 & 12/8 (§20.2031-2(b)),,344.0,325.67999267578125,334.8399963378906,345.7200012207031,328.5539855957031,337.1369934082031,,
LYFT,LYFT,Stocks,EQUITY,NMS,13.84,16.055,22.8713,22.8713,22.8713,1.0,1.0,,mean of H/L means 12/5 & 12/8 (§20.2031-2(b)),,23.329999923706055,22.440000534057617,22.885000228881836,23.2450008392334,22.469999313354492,22.857500076293945,,
MTB,MTB,Stocks,EQUITY,NYQ,216.98,240.455,195.325,195.325,195.325,1.0,1.0,,mean of H/L means 12/5 & 12/8 (§20.2031-2(b)),,196.47999572753906,194.39999389648438,195.43999481201172,196.49000549316406,193.92999267578125,195.20999908447266,,
MGM,MGM,Stocks,EQUITY,NYQ,36.86,41.07,35.9275,35.9275,35.9275,1.0,1.0,,mean of H/L means 12/5 & 12/8 (§20.2031-2(b)),,36.810001373291016,35.27000045776367,36.040000915527344,36.40999984741211,35.220001220703125,35.81500053405762,,
M,M,Stocks,EQUITY,NYQ,19.78,22.435,22.5825,22.5825,22.5825,1.0,1.0,,mean of H/L means 12/5 & 12/8 (§20.2031-2(b)),,23.209999084472656,22.479999542236328,22.844999313354492,22.75,21.889999389648438,22.31999969482422,,
MGA,MGA,Stocks,EQUITY,NYQ,63.05,66.865,49.0775,49.0775,49.0775,1.0,1.0,,mean of H/L means 12/5 & 12/8 (§20.2031-2(b)),,49.45000076293945,48.88999938964844,49.170000076293945,49.41999816894531,48.54999923706055,48.98499870300293,,
MPC,MPC,Stocks,EQUITY,NYQ,198.21,397.935,190.4825,190.4825,190.4825,1.0,1.0,,mean of H/L means 12/5 & 12/8 (§20.2031-2(b)),,193.52999877929688,189.91000366210938,191.72000122070312,191.57000732421875,186.9199981689453,189.24500274658203,,
MRSH,MRSH,Stocks,EQUITY,NYQ,186.74,181.46,181.5525,181.5525,181.5525,1.0,1.0,,mean of H/L means 12/5 & 12/8 (§20.2031-2(b)),,183.5,180.14999389648438,181.8249969482422,182.55999755859375,180.0,181.27999877929688,,
MLM,MLM,Stocks,EQUITY,NYQ,676.57,513.955,621.8725,621.8725,621.8725,1.0,1.0,,mean of H/L means 12/5 & 12/8 (§20.2031-2(b)),,625.760009765625,611.1900024414062,618.4750061035156,634.5700073242188,615.969970703125,625.2699890136719,,
MARUY,MARUY,Stocks,EQUITY,PNK,380.35,33.06,276.175,276.175,276.175,1.0,1.0,,mean of H/L means 12/5 & 12/8 (§20.2031-2(b)),,280.8999938964844,271.1099853515625,276.00498962402344,278.6300048828125,274.05999755859375,276.3450012207031,,
MRVL,MRVL,Stocks,EQUITY,NMS,81.69,228.585,95.415,95.415,95.415,1.0,1.0,,mean of H/L means 12/5 & 12/8 (§20.2031-2(b)),,102.63999938964844,97.30999755859375,99.9749984741211,92.79000091552734,88.91999816894531,90.85499954223633,,
MA,MA,Stocks,EQUITY,NYQ,517.21,569.5,544.1025,544.1025,544.1025,1.0,1.0,,mean of H/L means 12/5 & 12/8 (§20.2031-2(b)),,550.4400024414062,541.25,545.8450012207031,547.3300170898438,537.3900146484375,542.3600158691406,,
MCD,MCD,Stocks,EQUITY,NYQ,341.06,256.0,310.7625,310.7625,310.7625,1.0,1.0,,mean of H/L means 12/5 & 12/8 (§20.2031-2(b)),,312.04998779296875,308.20001220703125,310.125,313.75,309.04998779296875,311.3999938964844,,
MCK,MCK,Stocks,EQUITY,NYQ,987.37,901.975,805.6275,805.6275,805.6275,1.0,1.0,,mean of H/L means 12/5 & 12/8 (§20.2031-2(b)),,818.9199829101562,806.2899780273438,812.60498046875,807.3400268554688,789.9600219726562,798.6500244140625,,
MRK,MRK,Stocks,EQUITY,NYQ,123.82,148.56,99.69,99.69,99.69,1.0,1.0,,mean of H/L means 12/5 & 12/8 (§20.2031-2(b)),,102.08999633789062,99.19000244140625,100.63999938964844,99.66999816894531,97.80999755859375,98.73999786376953,,
MKKGY,MKKGY,Stocks,EQUITY,PNK,30.42,31.54,27.9425,27.9425,27.9425,1.0,1.0,,mean of H/L means 12/5 & 12/8 (§20.2031-2(b)),,28.3799991607666,27.790000915527344,28.085000038146973,28.100000381469727,27.5,27.800000190734863,,
MET,MET,Stocks,EQUITY,NYQ,72.07,95.97,78.275,78.275,78.275,1.0,1.0,,mean of H/L means 12/5 & 12/8 (§20.2031-2(b)),,78.72000122070312,77.7699966430664,78.24499893188477,78.66000366210938,77.94999694824219,78.30500030517578,,
MSFT,MSFT,Stocks,EQUITY,NMS,392.74,491.84,484.74,484.74,484.74,1.0,1.0,,mean of H/L means 12/5 & 12/8 (§20.2031-2(b)),,483.3999938964844,478.8800048828125,481.13999938964844,492.29998779296875,484.3800048828125,488.3399963378906,,
MU,MU,Stocks,EQUITY,NMS,412.37,1018.268,239.525,239.525,239.525,1.0,1.0,,mean of H/L means 12/5 & 12/8 (§20.2031-2(b)),,240.57000732421875,226.69000244140625,233.6300048828125,249.22999572753906,241.61000061035156,245.4199981689453,,
MTSUY,MTSUY,Stocks,EQUITY,PNK,33.84,32.19,24.412,24.412,24.412,1.0,1.0,,mean of H/L means 12/5 & 12/8 (§20.2031-2(b)),,24.47800064086914,24.059999465942383,24.26900005340576,24.989999771118164,24.1200008392334,24.55500030517578,,
MIELY,MIELY,Stocks,EQUITY,PNK,76.19,65.96,58.055,58.055,58.055,1.0,1.0,,mean of H/L means 12/5 & 12/8 (§20.2031-2(b)),,57.7400016784668,57.349998474121094,57.545000076293945,59.130001068115234,58.0,58.56500053405762,,
MITEY,MITEY,Stocks,EQUITY,PNK,33.61,23.74,24.1,24.1,24.1,1.0,1.0,,mean of H/L means 12/5 & 12/8 (§20.2031-2(b)),,23.8799991607666,23.190000534057617,23.53499984741211,25.0,24.329999923706055,24.664999961853027,,
MHVIY,MHVIY,Stocks,EQUITY,PNK,32.0,12.1,26.49,26.49,26.49,1.0,1.0,,mean of H/L means 12/5 & 12/8 (§20.2031-2(b)),,26.709999084472656,25.290000915527344,26.0,27.059999465942383,26.899999618530273,26.979999542236328,,
MUFG,MUFG,Stocks,EQUITY,NYQ,18.64,23.711,16.15,16.15,16.15,1.0,1.0,,mean of H/L means 12/5 & 12/8 (§20.2031-2(b)),,16.34000015258789,16.219999313354492,16.27999973297119,16.139999389648438,15.899999618530273,16.019999504089355,,
MITSY,MITSY,Stocks,EQUITY,PNK,750.54,662.01,548.6,548.6,548.6,1.0,1.0,,mean of H/L means 12/5 & 12/8 (§20.2031-2(b)),,547.0,538.1300048828125,542.5650024414062,564.27001953125,545.0,554.635009765625,,
MFG,MFG,Stocks,EQUITY,NYQ,8.87,11.2,7.325,7.325,7.325,1.0,1.0,,mean of H/L means 12/5 & 12/8 (§20.2031-2(b)),,7.389999866485596,7.329999923706055,7.359999895095825,7.320000171661377,7.260000228881836,7.2900002002716064,,
TAP,TAP,Stocks,EQUITY,NYQ,48.99,39.03,45.5625,45.5625,45.5625,1.0,1.0,,mean of H/L means 12/5 & 12/8 (§20.2031-2(b)),,45.619998931884766,44.959999084472656,45.28999900817871,46.790000915527344,44.880001068115234,45.83500099182129,,
MDLZ,MDLZ,Stocks,EQUITY,NMS,61.58,61.455,55.22,55.22,55.22,1.0,1.0,,mean of H/L means 12/5 & 12/8 (§20.2031-2(b)),,56.33000183105469,54.75,55.540000915527344,55.29999923706055,54.5,54.89999961853027,,
MPWR,MPWR,Stocks,EQUITY,NMS,1142.74,1226.45,975.6175,975.6175,975.6175,1.0,1.0,,mean of H/L means 12/5 & 12/8 (§20.2031-2(b)),,971.1199951171875,954.3900146484375,962.7550048828125,1002.5,974.4600219726562,988.4800109863281,,
MNST,MNST,Stocks,EQUITY,NMS,85.3,43.155,36.8787,73.7574,73.7574,1.0,2.0,2026-08-11 2:1,mean of H/L means 12/5 & 12/8 (§20.2031-2(b)),,37.0,36.599998474121094,36.79999923706055,37.2400016784668,36.67499923706055,36.95750045776367,,
MCO,MCO,Stocks,EQUITY,NYQ,477.59,480.53,491.0125,491.0125,491.0125,1.0,1.0,,mean of H/L means 12/5 & 12/8 (§20.2031-2(b)),,498.0,487.17999267578125,492.5899963378906,494.6000061035156,484.2699890136719,489.43499755859375,,
MS,MS,Stocks,EQUITY,NYQ,166.51,218.23,176.66,176.66,176.66,1.0,1.0,,mean of H/L means 12/5 & 12/8 (§20.2031-2(b)),,177.32000732421875,174.3000030517578,175.81000518798828,178.9600067138672,176.05999755859375,177.51000213623047,,
MOS,MOS,Stocks,EQUITY,NYQ,27.84,26.39,23.855,23.855,23.855,1.0,1.0,,mean of H/L means 12/5 & 12/8 (§20.2031-2(b)),,24.559999465942383,23.600000381469727,24.079999923706055,23.899999618530273,23.360000610351562,23.630000114440918,,
MLI,MLI,Stocks,EQUITY,NYQ,117.96,63.78,56.335,112.67,112.67,1.0,2.0,2026-07-01 2:1,mean of H/L means 12/5 & 12/8 (§20.2031-2(b)),,56.78499984741211,56.064998626708984,56.42499923706055,56.94499969482422,55.54499816894531,56.244998931884766,,
MURGY,MURGY,Stocks,EQUITY,PNK,13.13,11.64,12.43,12.43,12.43,1.0,1.0,,mean of H/L means 12/5 & 12/8 (§20.2031-2(b)),,12.510000228881836,12.350000381469727,12.430000305175781,12.489999771118164,12.369999885559082,12.429999828338623,,
MRAAY,MRAAY,Stocks,EQUITY,PNK,13.09,22.88,10.8425,10.8425,10.8425,1.0,1.0,,mean of H/L means 12/5 & 12/8 (§20.2031-2(b)),,10.90999984741211,10.5600004196167,10.735000133514404,11.25,10.649999618530273,10.949999809265137,,
NRG,NRG,Stocks,EQUITY,NYQ,178.96,121.575,165.6075,165.6075,165.6075,1.0,1.0,,mean of H/L means 12/5 & 12/8 (§20.2031-2(b)),,170.25,162.7899932861328,166.5199966430664,167.17999267578125,162.2100067138672,164.69499969482422,,
NVR,NVR,Stocks,EQUITY,NYQ,7517.79,6124.44,7507.125,7507.125,7507.125,1.0,1.0,,mean of H/L means 12/5 & 12/8 (§20.2031-2(b)),,7578.68017578125,7473.419921875,7526.050048828125,7540.52001953125,7435.8798828125,7488.199951171875,,
NDAQ,NDAQ,Stocks,EQUITY,NMS,87.58,95.485,89.93,89.93,89.93,1.0,1.0,,mean of H/L means 12/5 & 12/8 (§20.2031-2(b)),,90.54000091552734,89.87000274658203,90.20500183105469,90.13999938964844,89.16999816894531,89.65499877929688,,
NGG,NGG,Stocks,EQUITY,NYQ,93.77,78.185,75.6625,75.6625,75.6625,1.0,1.0,,mean of H/L means 12/5 & 12/8 (§20.2031-2(b)),,76.13999938964844,75.33000183105469,75.73500061035156,75.9800033569336,75.19999694824219,75.59000015258789,,
NWG,NWG,Stocks,EQUITY,NYQ,16.6,18.785,16.55,16.55,16.55,1.0,1.0,,mean of H/L means 12/5 & 12/8 (§20.2031-2(b)),,16.729999542236328,16.420000076293945,16.574999809265137,16.579999923706055,16.469999313354492,16.524999618530273,,
NSRGY,NSRGY,Stocks,EQUITY,OID,109.04,99.14,97.4,97.4,97.4,1.0,1.0,,mean of H/L means 12/5 & 12/8 (§20.2031-2(b)),,98.47000122070312,97.58000183105469,98.0250015258789,97.05000305175781,96.5,96.7750015258789,,
NFLX,NFLX,Stocks,EQUITY,NMS,96.24,76.765,99.43,99.43,99.43,1.0,1.0,,mean of H/L means 12/5 & 12/8 (§20.2031-2(b)),,104.79000091552734,97.73999786376953,101.26499938964844,99.88999938964844,95.30000305175781,97.59500122070312,,
NEM,NEM,Stocks,EQUITY,NYQ,130.0,128.32,90.6,90.6,90.6,1.0,1.0,,mean of H/L means 12/5 & 12/8 (§20.2031-2(b)),,92.69999694824219,89.66999816894531,91.18499755859375,91.12999725341797,88.9000015258789,90.01499938964844,,
NXST,NXST,Stocks,EQUITY,NMS,251.02,170.51,191.055,191.055,191.055,1.0,1.0,,mean of H/L means 12/5 & 12/8 (§20.2031-2(b)),,192.0800018310547,188.3800048828125,190.2300033569336,196.72999572753906,187.02999877929688,191.87999725341797,,
NEE,NEE,Stocks,EQUITY,NYQ,93.77,84.225,82.7075,82.7075,82.7075,1.0,1.0,,mean of H/L means 12/5 & 12/8 (§20.2031-2(b)),,84.19999694824219,83.05999755859375,83.62999725341797,83.16000366210938,80.41000366210938,81.78500366210938,,
NKE,NKE,Stocks,EQUITY,NYQ,62.18,38.115,65.0075,65.0075,65.0075,1.0,1.0,,mean of H/L means 12/5 & 12/8 (§20.2031-2(b)),,66.08000183105469,64.87999725341797,65.47999954223633,65.80000305175781,63.27000045776367,64.53500175476074,,
NTDOY,NTDOY,Stocks,EQUITY,PNK,14.06,14.05,19.91,19.91,19.91,1.0,1.0,,mean of H/L means 12/5 & 12/8 (§20.2031-2(b)),,20.290000915527344,19.829999923706055,20.0600004196167,19.920000076293945,19.600000381469727,19.760000228881836,,
NOK,NOK,Stocks,EQUITY,NYQ,7.72,10.785,6.125,6.125,6.125,1.0,1.0,,mean of H/L means 12/5 & 12/8 (§20.2031-2(b)),,6.170000076293945,6.050000190734863,6.110000133514404,6.179999828338623,6.099999904632568,6.139999866485596,,
NMR,NMR,Stocks,EQUITY,NYQ,9.0,10.71,7.8125,7.8125,7.8125,1.0,1.0,,mean of H/L means 12/5 & 12/8 (§20.2031-2(b)),,7.849999904632568,7.769999980926514,7.809999942779541,7.849999904632568,7.78000020980835,7.815000057220459,,
NRILY,NRILY,Stocks,EQUITY,PNK,27.46,32.05,39.425,39.425,39.425,1.0,1.0,,mean of H/L means 12/5 & 12/8 (§20.2031-2(b)),,39.9900016784668,38.869998931884766,39.43000030517578,39.630001068115234,39.209999084472656,39.420000076293945,,
NSC,NSC,Stocks,EQUITY,NYQ,314.74,329.51,294.3925,294.3925,294.3925,1.0,1.0,,mean of H/L means 12/5 & 12/8 (§20.2031-2(b)),,295.5899963378906,293.30999755859375,294.4499969482422,296.0299987792969,292.6400146484375,294.3350067138672,,
NOC,NOC,Stocks,EQUITY,NYQ,724.38,520.305,549.1425,549.1425,549.1425,1.0,1.0,,mean of H/L means 12/5 & 12/8 (§20.2031-2(b)),,552.280029296875,544.1599731445312,548.2200012207031,553.6199951171875,546.510009765625,550.0650024414062,,
NVS,NVS,Stocks,EQUITY,NYQ,168.62,137.78,132.24,132.24,132.24,1.0,1.0,,mean of H/L means 12/5 & 12/8 (§20.2031-2(b)),,134.0399932861328,132.08999633789062,133.06499481201172,132.85000610351562,129.97999572753906,131.41500091552734,,
NVO,NVO,Stocks,EQUITY,NYQ,37.45,45.43,47.6175,47.6175,47.6175,1.0,1.0,,mean of H/L means 12/5 & 12/8 (§20.2031-2(b)),,49.119998931884766,47.83000183105469,48.47500038146973,47.16999816894531,46.349998474121094,46.7599983215332,,
NVDA,NVDA,Stocks,EQUITY,NMS,177.19,225.875,183.9925,183.9925,183.9925,1.0,1.0,,mean of H/L means 12/5 & 12/8 (§20.2031-2(b)),,184.66000366210938,180.91000366210938,182.78500366210938,188.0,182.39999389648438,185.1999969482422,,
NTR,NTR,Stocks,EQUITY,NYQ,75.07,80.689,60.1412,60.1412,60.1412,1.0,1.0,,mean of H/L means 12/5 & 12/8 (§20.2031-2(b)),,61.415000915527344,60.02000045776367,60.71750068664551,60.279998779296875,58.849998474121094,59.564998626708984,,
OI,OI,Stocks,EQUITY,NYQ,13.4,6.825,14.235,14.235,14.235,1.0,1.0,,mean of H/L means 12/5 & 12/8 (§20.2031-2(b)),,14.600000381469727,13.920000076293945,14.260000228881836,14.479999542236328,13.9399995803833,14.209999561309814,,
ORLY,ORLY,Stocks,EQUITY,NMS,93.88,86.03,98.745,98.745,98.745,1.0,1.0,,mean of H/L means 12/5 & 12/8 (§20.2031-2(b)),,99.8499984741211,97.94999694824219,98.89999771118164,99.19000244140625,97.98999786376953,98.59000015258789,,
OKTA,OKTA,Stocks,EQUITY,NMS,72.5,167.75,86.3313,86.3313,86.3313,1.0,1.0,,mean of H/L means 12/5 & 12/8 (§20.2031-2(b)),,86.29000091552734,84.83000183105469,85.56000137329102,88.31999969482422,85.88500213623047,87.10250091552734,,
ODFL,ODFL,Stocks,EQUITY,NMS,203.05,187.355,154.4975,154.4975,154.4975,1.0,1.0,,mean of H/L means 12/5 & 12/8 (§20.2031-2(b)),,156.72999572753906,153.02999877929688,154.87999725341797,157.02999877929688,151.1999969482422,154.11499786376953,,
ORCL,ORCL,Stocks,EQUITY,NYQ,145.4,162.59,218.695,218.695,218.695,1.0,1.0,,mean of H/L means 12/5 & 12/8 (§20.2031-2(b)),,219.5,213.6199951171875,216.55999755859375,224.75,216.91000366210938,220.8300018310547,,
ORANY,ORANY,Stocks,EQUITY,PNK,21.39,17.81,16.0,16.0,16.0,1.0,1.0,,mean of H/L means 12/5 & 12/8 (§20.2031-2(b)),,16.1200008392334,15.970000267028809,16.045000553131104,16.0,15.90999984741211,15.954999923706055,,
IX,IX,Stocks,EQUITY,NYQ,35.55,39.36,27.7625,27.7625,27.7625,1.0,1.0,,mean of H/L means 12/5 & 12/8 (§20.2031-2(b)),,27.889999389648438,27.610000610351562,27.75,27.860000610351562,27.690000534057617,27.77500057220459,,
OSK,OSK,Stocks,EQUITY,NYQ,170.02,154.73,130.0825,130.0825,130.0825,1.0,1.0,,mean of H/L means 12/5 & 12/8 (§20.2031-2(b)),,131.72000122070312,129.19000244140625,130.4550018310547,131.1999969482422,128.22000122070312,129.70999908447266,,
OVCHY,OVCHY,Stocks,EQUITY,PNK,33.74,50.28,29.3775,29.3775,29.3775,1.0,1.0,,mean of H/L means 12/5 & 12/8 (§20.2031-2(b)),,30.049999237060547,29.200000762939453,29.625,30.030000686645508,28.229999542236328,29.130000114440918,,
PCG,PCG,Stocks,EQUITY,NYQ,19.0,14.845,15.1625,15.1625,15.1625,1.0,1.0,,mean of H/L means 12/5 & 12/8 (§20.2031-2(b)),,15.380000114440918,15.15999984741211,15.269999980926514,15.180000305175781,14.930000305175781,15.055000305175781,,
PNC,PNC,Stocks,EQUITY,NYQ,212.35,244.6,197.865,197.865,197.865,1.0,1.0,,mean of H/L means 12/5 & 12/8 (§20.2031-2(b)),,199.05999755859375,196.44000244140625,197.75,199.63999938964844,196.32000732421875,197.9800033569336,,
PLTR,PLTR,Stocks,EQUITY,NMS,137.19,171.5,180.6833,180.6833,180.6833,1.0,1.0,,mean of H/L means 12/5 & 12/8 (§20.2031-2(b)),,182.1529998779297,177.16000366210938,179.65650177001953,183.8800048828125,179.5399932861328,181.70999908447266,,
PANW,PANW,Stocks,EQUITY,NMS,148.92,336.215,197.0825,197.0825,197.0825,1.0,1.0,,mean of H/L means 12/5 & 12/8 (§20.2031-2(b)),,199.74000549316406,195.0,197.37000274658203,199.89999389648438,193.69000244140625,196.7949981689453,,
DQJCY,DQJCY,Stocks,EQUITY,PNK,13.45,9.95,12.0875,12.0875,12.0875,1.0,1.0,,mean of H/L means 12/5 & 12/8 (§20.2031-2(b)),,12.149999618530273,12.010000228881836,12.079999923706055,12.149999618530273,12.039999961853027,12.09499979019165,,
PCRHY,PCRHY,Stocks,EQUITY,PNK,16.1,27.07,11.8563,11.8563,11.8563,1.0,1.0,,mean of H/L means 12/5 & 12/8 (§20.2031-2(b)),,12.100000381469727,11.880000114440918,11.990000247955322,11.954999923706055,11.489999771118164,11.72249984741211,,
PH,PH,Stocks,EQUITY,NYQ,1009.18,960.67,879.71,879.71,879.71,1.0,1.0,,mean of H/L means 12/5 & 12/8 (§20.2031-2(b)),,882.0,871.260009765625,876.6300048828125,888.8200073242188,876.760009765625,882.7900085449219,,
PEP,PEP,Stocks,EQUITY,NMS,169.74,138.257,145.2675,145.2675,145.2675,1.0,1.0,,mean of H/L means 12/5 & 12/8 (§20.2031-2(b)),,145.8000030517578,144.50999450683594,145.15499877929688,146.55999755859375,144.1999969482422,145.37999725341797,,
PFE,PFE,Stocks,EQUITY,NYQ,27.65,27.925,25.9275,25.9275,25.9275,1.0,1.0,,mean of H/L means 12/5 & 12/8 (§20.2031-2(b)),,26.1200008392334,25.639999389648438,25.880000114440918,26.190000534057617,25.760000228881836,25.975000381469727,,
PM,PM,Stocks,EQUITY,NYQ,186.83,187.31,148.185,148.185,148.185,1.0,1.0,,mean of H/L means 12/5 & 12/8 (§20.2031-2(b)),,148.9199981689453,147.3000030517578,148.11000061035156,149.8699951171875,146.64999389648438,148.25999450683594,,
POOL,POOL,Stocks,EQUITY,NMS,227.18,178.83,239.3075,239.3075,239.3075,1.0,1.0,,mean of H/L means 12/5 & 12/8 (§20.2031-2(b)),,243.55999755859375,238.52999877929688,241.0449981689453,240.44000244140625,234.6999969482422,237.56999969482422,,
PG,PG,Stocks,EQUITY,NYQ,167.2,145.1,142.4825,142.4825,142.4825,1.0,1.0,,mean of H/L means 12/5 & 12/8 (§20.2031-2(b)),,145.6300048828125,143.25,144.44000244140625,142.91000366210938,138.13999938964844,140.5250015258789,,
PROSY,PROSY,Stocks,EQUITY,PNK,10.24,8.41,12.055,12.055,12.055,1.0,1.0,,mean of H/L means 12/5 & 12/8 (§20.2031-2(b)),,12.1899995803833,12.079999923706055,12.134999752044678,12.039999961853027,11.90999984741211,11.974999904632568,,
PUK,PUK,Stocks,EQUITY,NYQ,30.75,27.6,29.2,29.2,29.2,1.0,1.0,,mean of H/L means 12/5 & 12/8 (§20.2031-2(b)),,29.270000457763672,28.850000381469727,29.0600004196167,29.479999542236328,29.200000762939453,29.34000015258789,,
PRYMY,PRYMY,Stocks,EQUITY,PNK,60.09,74.6,49.7825,49.7825,49.7825,1.0,1.0,,mean of H/L means 12/5 & 12/8 (§20.2031-2(b)),,50.029998779296875,49.369998931884766,49.69999885559082,50.20000076293945,49.529998779296875,49.864999771118164,,
PHM,PHM,Stocks,EQUITY,NYQ,137.2,120.945,126.6875,126.6875,126.6875,1.0,1.0,,mean of H/L means 12/5 & 12/8 (§20.2031-2(b)),,129.3800048828125,126.76000213623047,128.07000350952148,126.44999694824219,124.16000366210938,125.30500030517578,,
QCOM,QCOM,Stocks,EQUITY,NMS,142.36,175.77,175.2425,175.2425,175.2425,1.0,1.0,,mean of H/L means 12/5 & 12/8 (§20.2031-2(b)),,177.25,174.5,175.875,175.5,173.72000122070312,174.61000061035156,,
RPM,RPM,Stocks,EQUITY,NYQ,114.12,102.815,104.505,104.505,104.505,1.0,1.0,,mean of H/L means 12/5 & 12/8 (§20.2031-2(b)),,106.05999755859375,104.63999938964844,105.3499984741211,104.80000305175781,102.5199966430664,103.65999984741211,,
RDN,RDN,Stocks,EQUITY,NYQ,34.52,36.34,34.6275,34.6275,34.6275,1.0,1.0,,mean of H/L means 12/5 & 12/8 (§20.2031-2(b)),,35.08000183105469,34.59000015258789,34.83500099182129,34.7400016784668,34.099998474121094,34.420000076293945,,
RTX,RTX,Stocks,EQUITY,NYQ,202.62,199.92,170.6175,170.6175,170.6175,1.0,1.0,,mean of H/L means 12/5 & 12/8 (§20.2031-2(b)),,172.0,168.94000244140625,170.47000122070312,171.99000549316406,169.5399932861328,170.76499938964844,,
756CNT929,,Stocks,,,,,,,,1.0,1.0,,unpriced (escrow),,,,,,,,,
RBGLD,RBGLY,Stocks,EQUITY,OQX,17.56,13.75,16.5693,16.5693,15.89,0.959,1.0,2026-02-02 959:1000,mean of H/L means 12/5 & 12/8 (§20.2031-2(b)),,16.70490074157715,16.54848861694336,16.626694679260254,16.60062599182129,16.423358917236328,16.51199245452881,,
RCRUY,RCRUY,Stocks,EQUITY,PNK,8.64,20.4,10.396,10.396,10.396,1.0,1.0,,mean of H/L means 12/5 & 12/8 (§20.2031-2(b)),,10.649999618530273,10.564000129699707,10.60699987411499,10.369999885559082,10.0,10.184999942779541,,
RDDT,RDDT,Stocks,EQUITY,NYQ,145.81,150.84,231.3062,231.3062,231.3062,1.0,1.0,,mean of H/L means 12/5 & 12/8 (§20.2031-2(b)),,237.58999633789062,224.1750030517578,230.88249969482422,238.1999969482422,225.25999450683594,231.72999572753906,,
REGN,REGN,Stocks,EQUITY,NMS,781.67,812.235,719.8225,719.8225,719.8225,1.0,1.0,,mean of H/L means 12/5 & 12/8 (§20.2031-2(b)),,736.1500244140625,717.260009765625,726.7050170898438,724.1300048828125,701.75,712.9400024414062,,
RELX,RELX,Stocks,EQUITY,NYQ,34.79,34.775,40.07,40.07,40.07,1.0,1.0,,mean of H/L means 12/5 & 12/8 (§20.2031-2(b)),,40.75,40.25,40.5,39.880001068115234,39.400001525878906,39.64000129699707,,
RNECY,RNECY,Stocks,EQUITY,PNK,9.43,10.58,6.605,6.605,6.605,1.0,1.0,,mean of H/L means 12/5 & 12/8 (§20.2031-2(b)),,6.699999809265137,6.409999847412109,6.554999828338623,6.710000038146973,6.599999904632568,6.6549999713897705,,
RNMBY,RNMBY,Stocks,EQUITY,PNK,394.79,244.11,365.575,365.575,365.575,1.0,1.0,,mean of H/L means 12/5 & 12/8 (§20.2031-2(b)),,362.7900085449219,355.8800048828125,359.3350067138672,376.5799865722656,367.04998779296875,371.8149871826172,,
RIO,RIO,Stocks,EQUITY,NYQ,99.34,104.225,73.3225,73.3225,73.3225,1.0,1.0,,mean of H/L means 12/5 & 12/8 (§20.2031-2(b)),,73.95999908447266,72.91999816894531,73.43999862670898,73.54000091552734,72.87000274658203,73.20500183105469,,
HOOD,HOOD,Stocks,EQUITY,NMS,75.85,120.741,133.823,133.823,133.823,1.0,1.0,,mean of H/L means 12/5 & 12/8 (§20.2031-2(b)),,135.24000549316406,129.9600067138672,132.60000610351562,138.08999633789062,132.0019989013672,135.0459976196289,,
RBLX,RBLX,Stocks,EQUITY,NYQ,68.66,44.915,96.1337,96.1337,96.1337,1.0,1.0,,mean of H/L means 12/5 & 12/8 (§20.2031-2(b)),,97.91999816894531,94.1449966430664,96.03249740600586,97.69000244140625,94.77999877929688,96.23500061035156,,
RHHBY,RHHBY,Stocks,EQUITY,OQX,59.55,54.155,48.7725,48.7725,48.7725,1.0,1.0,,mean of H/L means 12/5 & 12/8 (§20.2031-2(b)),,48.81999969482422,48.13999938964844,48.47999954223633,49.34000015258789,48.790000915527344,49.06500053405762,,
ROKU,ROKU,Stocks,EQUITY,NMS,98.41,154.93,99.3225,99.3225,99.3225,1.0,1.0,,mean of H/L means 12/5 & 12/8 (§20.2031-2(b)),,101.29000091552734,92.87999725341797,97.08499908447266,102.8499984741211,100.2699966430664,101.55999755859375,,
RYCEY,RYCEY,Stocks,EQUITY,PNK,18.62,20.08,14.78,14.78,14.78,1.0,1.0,,mean of H/L means 12/5 & 12/8 (§20.2031-2(b)),,14.800000190734863,14.40999984741211,14.605000019073486,15.140000343322754,14.770000457763672,14.955000400543213,,
ROP,ROP,Stocks,EQUITY,NMS,349.73,394.83,447.295,447.295,447.295,1.0,1.0,,mean of H/L means 12/5 & 12/8 (§20.2031-2(b)),,449.70001220703125,443.9700012207031,446.8350067138672,449.760009765625,445.75,447.7550048828125,,
ROST,ROST,Stocks,EQUITY,NMS,205.64,228.14,177.735,177.735,177.735,1.0,1.0,,mean of H/L means 12/5 & 12/8 (§20.2031-2(b)),,177.94000244140625,176.02999877929688,176.98500061035156,179.4199981689453,177.5500030517578,178.48500061035156,,
SHEL,SHEL,Stocks,EQUITY,NYQ,83.51,95.12,73.3313,73.3313,73.3313,1.0,1.0,,mean of H/L means 12/5 & 12/8 (§20.2031-2(b)),,74.06500244140625,72.9800033569336,73.52250289916992,73.61000061035156,72.66999816894531,73.13999938964844,,
RYAAY,RYAAY,Stocks,EQUITY,NMS,67.49,54.77,66.23,66.23,66.23,1.0,1.0,,mean of H/L means 12/5 & 12/8 (§20.2031-2(b)),,66.16000366210938,65.12999725341797,65.64500045776367,67.63999938964844,65.98999786376953,66.81499862670898,,
SPGI,SPGI,Stocks,EQUITY,NYQ,441.88,430.04,469.0326,495.7675,495.7675,1.0,1.057,2026-07-01 1057:1000,mean of H/L means 12/5 & 12/8 (§20.2031-2(b)),,474.6830749511719,467.8902587890625,471.2866668701172,470.46356201171875,463.0936584472656,466.7786102294922,,
SMCAY,SMCAY,Stocks,EQUITY,PNK,23.94,21.3,18.0237,18.0237,18.0237,1.0,1.0,,mean of H/L means 12/5 & 12/8 (§20.2031-2(b)),,18.174999237060547,17.399999618530273,17.78749942779541,18.969999313354492,17.549999237060547,18.25999927520752,,
SSEZY,SSEZY,Stocks,EQUITY,PNK,36.7,32.57,29.1825,29.1825,29.1825,1.0,1.0,,mean of H/L means 12/5 & 12/8 (§20.2031-2(b)),,29.809999465942383,28.989999771118164,29.399999618530273,29.139999389648438,28.790000915527344,28.96500015258789,,
SAFRY,SAFRY,Stocks,EQUITY,PNK,100.6,96.59,86.04,86.04,86.04,1.0,1.0,,mean of H/L means 12/5 & 12/8 (§20.2031-2(b)),,86.31999969482422,85.05999755859375,85.68999862670898,87.12999725341797,85.6500015258789,86.38999938964844,,
SAIA,SAIA,Stocks,EQUITY,NMS,405.39,356.465,332.4525,332.4525,332.4525,1.0,1.0,,mean of H/L means 12/5 & 12/8 (§20.2031-2(b)),,334.5,325.69000244140625,330.0950012207031,339.7900085449219,329.8299865722656,334.80999755859375,,
CRM,CRM,Stocks,EQUITY,NYQ,194.79,247.365,258.0,258.0,258.0,1.0,1.0,,mean of H/L means 12/5 & 12/8 (§20.2031-2(b)),,261.8800048828125,249.5,255.69000244140625,264.2799987792969,256.3399963378906,260.30999755859375,,
SBH,SBH,Stocks,EQUITY,NYQ,16.07,16.01,15.73,15.73,15.73,1.0,1.0,,mean of H/L means 12/5 & 12/8 (§20.2031-2(b)),,16.1299991607666,15.550000190734863,15.839999675750732,15.819999694824219,15.420000076293945,15.619999885559082,,
SAXPY,SAXPY,Stocks,EQUITY,PNK,22.12,22.43,23.11,23.11,23.11,1.0,1.0,,mean of H/L means 12/5 & 12/8 (§20.2031-2(b)),,23.200000762939453,23.010000228881836,23.105000495910645,23.190000534057617,23.040000915527344,23.11500072479248,,
SNDK,SNDK,Stocks,EQUITY,NMS,635.36,1797.325,223.79,223.79,223.79,1.0,1.0,,mean of H/L means 12/5 & 12/8 (§20.2031-2(b)),,229.4499969482422,211.25,220.3499984741211,238.86000061035156,215.60000610351562,227.2300033569336,,
SNY,SNY,Stocks,EQUITY,NMS,48.66,43.315,48.9675,48.9675,48.9675,1.0,1.0,,mean of H/L means 12/5 & 12/8 (§20.2031-2(b)),,49.72999954223633,49.20000076293945,49.46500015258789,48.720001220703125,48.220001220703125,48.470001220703125,,
SAP,SAP,Stocks,EQUITY,NYQ,201.53,210.07,246.3,246.3,246.3,1.0,1.0,,mean of H/L means 12/5 & 12/8 (§20.2031-2(b)),,250.2899932861328,246.50999450683594,248.39999389648438,245.77000427246094,242.6300048828125,244.20000457763672,,
SBGSY,SBGSY,Stocks,EQUITY,PNK,65.21,69.34,55.19,55.19,55.19,1.0,1.0,,mean of H/L means 12/5 & 12/8 (§20.2031-2(b)),,55.369998931884766,54.7599983215332,55.064998626708984,55.70000076293945,54.93000030517578,55.31500053405762,,
SCHW,SCHW,Stocks,EQUITY,NYQ,95.2,108.49,94.145,94.145,94.145,1.0,1.0,,mean of H/L means 12/5 & 12/8 (§20.2031-2(b)),,95.62000274658203,93.79000091552734,94.70500183105469,94.41999816894531,92.75,93.58499908447266,,
SE,SE,Stocks,EQUITY,NYQ,108.45,113.23,133.3488,133.3488,133.3488,1.0,1.0,,mean of H/L means 12/5 & 12/8 (§20.2031-2(b)),,138.11000061035156,133.7550048828125,135.93250274658203,134.5,127.02999877929688,130.76499938964844,,
SRE,SRE,Stocks,EQUITY,NYQ,96.27,85.875,89.83,89.83,89.83,1.0,1.0,,mean of H/L means 12/5 & 12/8 (§20.2031-2(b)),,91.12000274658203,89.7699966430664,90.44499969482422,90.58000183105469,87.8499984741211,89.21500015258789,,
NOW,NOW,Stocks,EQUITY,NYQ,108.01,133.41,171.096,171.096,855.48,5.0,1.0,2025-12-18 5:1,mean of H/L means 12/5 & 12/8 (§20.2031-2(b)),,172.3000030517578,167.6020050048828,169.9510040283203,174.39599609375,170.08599853515625,172.24099731445312,,
SVNDY,SVNDY,Stocks,EQUITY,PNK,14.02,13.33,13.435,13.435,13.435,1.0,1.0,,mean of H/L means 12/5 & 12/8 (§20.2031-2(b)),,13.5,13.369999885559082,13.434999942779541,13.720000267028809,13.149999618530273,13.434999942779541,,
SHW,SHW,Stocks,EQUITY,NYQ,362.59,326.99,332.045,332.045,332.045,1.0,1.0,,mean of H/L means 12/5 & 12/8 (§20.2031-2(b)),,336.010009765625,332.44000244140625,334.2250061035156,333.0899963378906,326.6400146484375,329.86500549316406,,
SHECY,SHECY,Stocks,EQUITY,PNK,19.64,18.47,15.475,15.475,15.475,1.0,1.0,,mean of H/L means 12/5 & 12/8 (§20.2031-2(b)),,15.880000114440918,14.899999618530273,15.389999866485596,15.880000114440918,15.239999771118164,15.559999942779541,,
SHOP,SHOP,Stocks,EQUITY,NMS,120.73,134.398,160.5425,160.5425,160.5425,1.0,1.0,,mean of H/L means 12/5 & 12/8 (§20.2031-2(b)),,163.14999389648438,158.94000244140625,161.0449981689453,163.77000427246094,156.30999755859375,160.04000091552734,,
SIEGY,SIEGY,Stocks,EQUITY,PNK,145.59,157.76,136.3525,136.3525,136.3525,1.0,1.0,,mean of H/L means 12/5 & 12/8 (§20.2031-2(b)),,137.00999450683594,135.85000610351562,136.43000030517578,136.86000061035156,135.69000244140625,136.2750015258789,,
SMERY,SMERY,Stocks,EQUITY,OQX,196.526,34.46,27.396,136.98,136.98,1.0,5.0,2026-06-23 5:1,mean of H/L means 12/5 & 12/8 (§20.2031-2(b)),,28.07200050354004,27.125999450683594,27.598999977111816,27.399999618530273,26.986000061035156,27.192999839782715,,
SMMNY,SMMNY,Stocks,EQUITY,PNK,24.85,22.58,25.14,25.14,25.14,1.0,1.0,,mean of H/L means 12/5 & 12/8 (§20.2031-2(b)),,25.309999465942383,24.90999984741211,25.109999656677246,25.280000686645508,25.059999465942383,25.170000076293945,,
SGAPY,SGAPY,Stocks,EQUITY,PNK,39.8,35.84,35.22,35.22,35.22,1.0,1.0,,mean of H/L means 12/5 & 12/8 (§20.2031-2(b)),,35.689998626708984,35.16999816894531,35.42999839782715,35.060001373291016,34.959999084472656,35.010000228881836,,
SWKS,SWKS,Stocks,EQUITY,NMS,59.58,74.92,69.3725,69.3725,69.3725,1.0,1.0,,mean of H/L means 12/5 & 12/8 (§20.2031-2(b)),,70.0999984741211,68.47000122070312,69.28499984741211,70.30999755859375,68.61000061035156,69.45999908447266,,
SNN,SNN,Stocks,EQUITY,NYQ,36.9,27.865,33.63,33.63,33.63,1.0,1.0,,mean of H/L means 12/5 & 12/8 (§20.2031-2(b)),,33.84000015258789,33.36000061035156,33.60000038146973,33.90999984741211,33.40999984741211,33.65999984741211,,
SNAP,SNAP,Stocks,EQUITY,NYQ,5.21,5.455,7.8905,7.8905,7.8905,1.0,1.0,,mean of H/L means 12/5 & 12/8 (§20.2031-2(b)),,8.0,7.699999809265137,7.849999904632568,8.039999961853027,7.822000026702881,7.930999994277954,,
SNOW,SNOW,Stocks,EQUITY,NYQ,168.41,337.16,228.88,228.88,228.88,1.0,1.0,,mean of H/L means 12/5 & 12/8 (§20.2031-2(b)),,234.0,225.60000610351562,229.8000030517578,231.5,224.4199981689453,227.95999908447266,,
SCGLY,SCGLY,Stocks,EQUITY,OID,17.39,17.16,14.5075,14.5075,14.5075,1.0,1.0,,mean of H/L means 12/5 & 12/8 (§20.2031-2(b)),,14.550000190734863,14.369999885559082,14.460000038146973,14.640000343322754,14.470000267028809,14.555000305175781,,
SMPNY,SMPNY,Stocks,EQUITY,PNK,19.79,21.59,15.965,15.965,15.965,1.0,1.0,,mean of H/L means 12/5 & 12/8 (§20.2031-2(b)),,16.149999618530273,15.609999656677246,15.87999963760376,16.110000610351562,15.989999771118164,16.050000190734863,,
SKHHY,SKHHY,Stocks,EQUITY,PNK,17.053,14.0,15.3125,15.3125,15.3125,1.0,1.0,,mean of H/L means 12/5 & 12/8 (§20.2031-2(b)),,15.899999618530273,14.75,15.324999809265137,15.350000381469727,15.25,15.300000190734863,,
SONY,SONY,Stocks,EQUITY,NYQ,23.06,23.52,27.865,27.865,27.865,1.0,1.0,,mean of H/L means 12/5 & 12/8 (§20.2031-2(b)),,28.170000076293945,27.959999084472656,28.0649995803833,27.799999237060547,27.530000686645508,27.664999961853027,,
SO,SO,Stocks,EQUITY,NYQ,97.38,89.215,86.5275,86.5275,86.5275,1.0,1.0,,mean of H/L means 12/5 & 12/8 (§20.2031-2(b)),,88.08999633789062,86.1500015258789,87.11999893188477,86.4000015258789,85.47000122070312,85.93500137329102,,
XYZ,XYZ,Stocks,EQUITY,NYQ,63.7,80.26,61.3075,61.3075,61.3075,1.0,1.0,,mean of H/L means 12/5 & 12/8 (§20.2031-2(b)),,62.369998931884766,60.72999954223633,61.54999923706055,61.709999084472656,60.41999816894531,61.064998626708984,,
SCBFY,SCBFY,Stocks,EQUITY,PNK,49.91,62.91,44.1807,44.1807,44.1807,1.0,1.0,,mean of H/L means 12/5 & 12/8 (§20.2031-2(b)),,44.310001373291016,43.862998962402344,44.08650016784668,44.439998626708984,44.11000061035156,44.27499961853027,,
SBUX,SBUX,Stocks,EQUITY,NMS,98.02,102.075,84.9875,84.9875,84.9875,1.0,1.0,,mean of H/L means 12/5 & 12/8 (§20.2031-2(b)),,86.51000213623047,84.80000305175781,85.65500259399414,85.5,83.13999938964844,84.31999969482422,,
STT,STT,Stocks,EQUITY,NYQ,128.62,194.105,122.9325,122.9325,122.9325,1.0,1.0,,mean of H/L means 12/5 & 12/8 (§20.2031-2(b)),,124.20999908447266,121.25,122.72999954223633,124.12000274658203,122.1500015258789,123.13500213623047,,
STM,STM,Stocks,EQUITY,NYQ,33.61,52.305,26.05,26.05,26.05,1.0,1.0,,mean of H/L means 12/5 & 12/8 (§20.2031-2(b)),,26.43000030517578,25.979999542236328,26.204999923706055,26.0,25.790000915527344,25.895000457763672,,
SYK,SYK,Stocks,EQUITY,NYQ,387.46,279.86,361.3575,361.3575,361.3575,1.0,1.0,,mean of H/L means 12/5 & 12/8 (§20.2031-2(b)),,368.239990234375,361.95001220703125,365.0950012207031,363.739990234375,351.5,357.6199951171875,,
SSUMY,SSUMY,Stocks,EQUITY,PNK,42.58,11.99,8.0463,32.1852,32.1852,1.0,4.0,2026-07-10 4:1,mean of H/L means 12/5 & 12/8 (§20.2031-2(b)),,8.050000190734863,7.925000190734863,7.987500190734863,8.140000343322754,8.069999694824219,8.105000019073486,,
SMTOY,SMTOY,Stocks,EQUITY,PNK,66.18,6.91,5.5106,44.0848,44.0848,1.0,8.0,2026-07-02 8:1,mean of H/L means 12/5 & 12/8 (§20.2031-2(b)),,5.56125020980835,5.385000228881836,5.473125219345093,5.577499866485596,5.518750190734863,5.5481250286102295,,
SMFG,SMFG,Stocks,EQUITY,NYQ,22.44,26.905,18.8975,18.8975,18.8975,1.0,1.0,,mean of H/L means 12/5 & 12/8 (§20.2031-2(b)),,19.1200008392334,18.93000030517578,19.02500057220459,18.860000610351562,18.68000030517578,18.770000457763672,,
SUHJY,SUHJY,Stocks,EQUITY,OID,18.54,15.33,12.7475,12.7475,12.7475,1.0,1.0,,mean of H/L means 12/5 & 12/8 (§20.2031-2(b)),,13.100000381469727,12.670000076293945,12.885000228881836,12.75,12.470000267028809,12.610000133514404,,
SZKMY,SZKMY,Stocks,EQUITY,PNK,60.24,51.54,60.1775,60.1775,60.1775,1.0,1.0,,mean of H/L means 12/5 & 12/8 (§20.2031-2(b)),,60.91999816894531,59.11000061035156,60.01499938964844,62.279998779296875,58.400001525878906,60.34000015258789,,
TJX,TJX,Stocks,EQUITY,NYQ,161.66,129.09,152.6325,152.6325,152.6325,1.0,1.0,,mean of H/L means 12/5 & 12/8 (§20.2031-2(b)),,153.33999633789062,149.9499969482422,151.6449966430664,154.44000244140625,152.8000030517578,153.62000274658203,,
TMUS,TMUS,Stocks,EQUITY,NMS,217.09,180.755,208.1675,208.1675,208.1675,1.0,1.0,,mean of H/L means 12/5 & 12/8 (§20.2031-2(b)),,211.6300048828125,207.6699981689453,209.6500015258789,209.6999969482422,203.6699981689453,206.68499755859375,,
TSM,TSM,Stocks,EQUITY,NYQ,374.58,440.685,298.3475,298.3475,298.3475,1.0,1.0,,mean of H/L means 12/5 & 12/8 (§20.2031-2(b)),,300.79998779296875,293.25,297.0249938964844,302.6199951171875,296.7200012207031,299.6699981689453,,
TAK,TAK,Stocks,EQUITY,NYQ,18.75,18.37,14.2325,14.2325,14.2325,1.0,1.0,,mean of H/L means 12/5 & 12/8 (§20.2031-2(b)),,14.329999923706055,14.15999984741211,14.244999885559082,14.270000457763672,14.170000076293945,14.220000267028809,,
TPR,TPR,Stocks,EQUITY,NYQ,155.47,118.27,116.24,116.24,116.24,1.0,1.0,,mean of H/L means 12/5 & 12/8 (§20.2031-2(b)),,116.43000030517578,114.55000305175781,115.4900016784668,118.47000122070312,115.51000213623047,116.9900016784668,,
TRGP,TRGP,Stocks,EQUITY,NYQ,235.8,294.48,180.0175,180.0175,180.0175,1.0,1.0,,mean of H/L means 12/5 & 12/8 (§20.2031-2(b)),,182.61000061035156,180.25,181.43000030517578,180.67999267578125,176.52999877929688,178.60499572753906,,
TCCPY,TCCPY,Stocks,,,5.8,,,,,1.0,1.0,,symbol not found on Yahoo,lookup failed,,,,,,,,
TGNA,TGNA,Stocks,,,,,,,,1.0,1.0,,symbol not found on Yahoo,lookup failed,,,,,,,,
SGI,SGI,Stocks,EQUITY,NYQ,89.51,70.76,91.6275,91.6275,91.6275,1.0,1.0,,mean of H/L means 12/5 & 12/8 (§20.2031-2(b)),,92.83999633789062,90.93000030517578,91.8849983215332,92.54000091552734,90.19999694824219,91.36999893188477,,
TCEHY,TCEHY,Stocks,EQUITY,PNK,65.7,55.32,77.2975,77.2975,77.2975,1.0,1.0,,mean of H/L means 12/5 & 12/8 (§20.2031-2(b)),,78.61000061035156,77.95999908447266,78.28499984741211,78.04000091552734,74.58000183105469,76.31000137329102,,
TSLA,TSLA,Stocks,EQUITY,NMS,402.51,366.16,448.8825,448.8825,448.8825,1.0,1.0,,mean of H/L means 12/5 & 12/8 (§20.2031-2(b)),,458.8699951171875,451.6600036621094,455.26499938964844,449.75,435.25,442.5,,
TEVA,TEVA,Stocks,EQUITY,NYQ,33.86,36.75,28.355,28.355,28.355,1.0,1.0,,mean of H/L means 12/5 & 12/8 (§20.2031-2(b)),,28.68000030517578,28.0,28.34000015258789,28.739999771118164,28.0,28.369999885559082,,
TXN,TXN,Stocks,EQUITY,NMS,212.11,257.63,182.155,182.155,182.155,1.0,1.0,,mean of H/L means 12/5 & 12/8 (§20.2031-2(b)),,184.75999450683594,180.6300048828125,182.69499969482422,183.6999969482422,179.52999877929688,181.61499786376953,,
TXT,TXT,Stocks,EQUITY,NYQ,98.65,79.385,83.375,83.375,83.375,1.0,1.0,,mean of H/L means 12/5 & 12/8 (§20.2031-2(b)),,83.54000091552734,82.2300033569336,82.88500213623047,84.6500015258789,83.08000183105469,83.8650016784668,,
THLLY,THLLY,Stocks,EQUITY,PNK,60.97,53.88,52.72,52.72,52.72,1.0,1.0,,mean of H/L means 12/5 & 12/8 (§20.2031-2(b)),,52.689998626708984,51.970001220703125,52.329999923706055,53.58000183105469,52.63999938964844,53.11000061035156,,
TMO,TMO,Stocks,EQUITY,NYQ,521.11,606.545,572.315,572.315,572.315,1.0,1.0,,mean of H/L means 12/5 & 12/8 (§20.2031-2(b)),,579.0900268554688,569.6199951171875,574.3550109863281,574.5399780273438,566.010009765625,570.2749938964844,,
TGOPY,TGOPY,Stocks,EQUITY,PNK,11.35,9.51,10.7032,10.7032,10.7032,1.0,1.0,,mean of H/L means 12/5 & 12/8 (§20.2031-2(b)),,10.9399995803833,10.680000305175781,10.809999942779541,10.663000106811523,10.529999732971191,10.596499919891357,,
MMM,MMM,Stocks,EQUITY,NYQ,165.32,167.04,165.7775,165.7775,165.7775,1.0,1.0,,mean of H/L means 12/5 & 12/8 (§20.2031-2(b)),,169.33999633789062,165.66000366210938,167.5,165.82000732421875,162.2899932861328,164.05500030517578,,
TKOMY,TKOMY,Stocks,EQUITY,PNK,41.46,51.11,35.7975,35.7975,35.7975,1.0,1.0,,mean of H/L means 12/5 & 12/8 (§20.2031-2(b)),,35.77000045776367,35.2400016784668,35.505001068115234,36.4900016784668,35.689998626708984,36.09000015258789,,
TOELY,TOELY,Stocks,EQUITY,PNK,141.37,176.45,105.76,105.76,105.76,1.0,1.0,,mean of H/L means 12/5 & 12/8 (§20.2031-2(b)),,107.9800033569336,103.9000015258789,105.94000244140625,106.77999877929688,104.37999725341797,105.57999801635742,,
TOL,TOL,Stocks,EQUITY,NYQ,157.24,137.72,139.1075,139.1075,139.1075,1.0,1.0,,mean of H/L means 12/5 & 12/8 (§20.2031-2(b)),,142.25,138.92999267578125,140.58999633789062,139.60000610351562,135.64999389648438,137.625,,
TM,TM,Stocks,EQUITY,NYQ,242.38,192.105,196.16,196.16,196.16,1.0,1.0,,mean of H/L means 12/5 & 12/8 (§20.2031-2(b)),,197.1999969482422,196.0,196.5999984741211,196.44000244140625,195.0,195.72000122070312,,
TW,TW,Stocks,EQUITY,NMS,123.255,103.42,106.73,106.73,106.73,1.0,1.0,,mean of H/L means 12/5 & 12/8 (§20.2031-2(b)),,107.9000015258789,106.55999755859375,107.22999954223633,107.5999984741211,104.86000061035156,106.22999954223633,,
TDG,TDG,Stocks,EQUITY,NYQ,1302.79,1147.87,1346.53,1346.53,1346.53,1.0,1.0,,mean of H/L means 12/5 & 12/8 (§20.2031-2(b)),,1359.1400146484375,1341.0899658203125,1350.114990234375,1353.1099853515625,1332.780029296875,1342.9450073242188,,
TRV,TRV,Stocks,EQUITY,NYQ,308.64,367.1,280.3875,280.3875,280.3875,1.0,1.0,,mean of H/L means 12/5 & 12/8 (§20.2031-2(b)),,282.92999267578125,279.6400146484375,281.2850036621094,281.4599914550781,277.5199890136719,279.489990234375,,
UGI,UGI,Stocks,EQUITY,NYQ,37.41,38.42,37.4575,37.4575,37.4575,1.0,1.0,,mean of H/L means 12/5 & 12/8 (§20.2031-2(b)),,37.7599983215332,37.13999938964844,37.44999885559082,37.849998474121094,37.08000183105469,37.46500015258789,,
USB,USB,Stocks,EQUITY,NYQ,54.66,62.85,51.5125,51.5125,51.5125,1.0,1.0,,mean of H/L means 12/5 & 12/8 (§20.2031-2(b)),,51.779998779296875,51.119998931884766,51.44999885559082,51.90999984741211,51.2400016784668,51.57500076293945,,
UCBJY,UCBJY,Stocks,EQUITY,PNK,149.07,120.39,144.905,144.905,144.905,1.0,1.0,,mean of H/L means 12/5 & 12/8 (§20.2031-2(b)),,148.85000610351562,142.5500030517578,145.70000457763672,144.9199981689453,143.3000030517578,144.11000061035156,,
UBER,UBER,Stocks,EQUITY,NYQ,75.42,73.375,91.69,91.69,91.69,1.0,1.0,,mean of H/L means 12/5 & 12/8 (§20.2031-2(b)),,92.75,90.45999908447266,91.60499954223633,92.77999877929688,90.7699966430664,91.77499771118164,,
ULTA,ULTA,Stocks,EQUITY,NMS,684.79,548.98,593.555,593.555,593.555,1.0,1.0,,mean of H/L means 12/5 & 12/8 (§20.2031-2(b)),,611.9000244140625,575.0,593.4500122070312,611.8400268554688,575.47998046875,593.6600036621094,,
UNCRY,UNCRY,Stocks,EQUITY,PNK,42.51,48.82,37.9195,37.9195,37.9195,1.0,1.0,,mean of H/L means 12/5 & 12/8 (§20.2031-2(b)),,38.33000183105469,37.75,38.040000915527344,37.928001403808594,37.66999816894531,37.79899978637695,,
UL,UL,Stocks,EQUITY,NYQ,73.75,63.565,64.6425,64.6425,57.4025,0.888,1.0,2025-12-09 888:1000,mean of H/L means 12/5 & 12/8 (§20.2031-2(b)),,67.0608139038086,66.39639282226562,66.72860336303711,63.11936950683594,61.99324417114258,62.55630683898926,,
UAL,UAL,Stocks,EQUITY,NMS,106.3,109.41,104.425,104.425,104.425,1.0,1.0,,mean of H/L means 12/5 & 12/8 (§20.2031-2(b)),,105.62999725341797,103.04000091552734,104.33499908447266,105.37000274658203,103.66000366210938,104.5150032043457,,
UOVEY,UOVEY,Stocks,EQUITY,PNK,58.16,65.71,52.855,52.855,52.855,1.0,1.0,,mean of H/L means 12/5 & 12/8 (§20.2031-2(b)),,53.349998474121094,52.88999938964844,53.119998931884766,52.93000030517578,52.25,52.59000015258789,,
USFD,USFD,Stocks,EQUITY,NYQ,96.61,103.74,75.1525,75.1525,75.1525,1.0,1.0,,mean of H/L means 12/5 & 12/8 (§20.2031-2(b)),,75.81999969482422,74.91999816894531,75.36999893188477,75.36000061035156,74.51000213623047,74.93500137329102,,
UNH,UNH,Stocks,EQUITY,NYQ,293.27,401.45,329.0375,329.0375,329.0375,1.0,1.0,,mean of H/L means 12/5 & 12/8 (§20.2031-2(b)),,335.7099914550781,328.510009765625,332.11000061035156,329.1000061035156,322.8299865722656,325.9649963378906,,
UPMMY,UPMMY,Stocks,EQUITY,PNK,31.77,28.2,28.081,28.081,28.081,1.0,1.0,,mean of H/L means 12/5 & 12/8 (§20.2031-2(b)),,28.239999771118164,28.079999923706055,28.15999984741211,28.083999633789062,27.920000076293945,28.001999855041504,,
VLO,VLO,Stocks,EQUITY,NYQ,204.64,383.12,174.6025,174.6025,174.6025,1.0,1.0,,mean of H/L means 12/5 & 12/8 (§20.2031-2(b)),,178.10000610351562,174.0,176.0500030517578,175.5800018310547,170.72999572753906,173.15499877929688,,
VZ,VZ,Stocks,EQUITY,NYQ,50.14,50.305,41.4925,41.4925,41.4925,1.0,1.0,,mean of H/L means 12/5 & 12/8 (§20.2031-2(b)),,42.060001373291016,41.2400016784668,41.650001525878906,41.75,40.91999816894531,41.334999084472656,,
VRSK,VRSK,Stocks,EQUITY,NMS,207.57,177.077,220.2125,220.2125,220.2125,1.0,1.0,,mean of H/L means 12/5 & 12/8 (§20.2031-2(b)),,223.1999969482422,220.3800048828125,221.79000091552734,221.1300048828125,216.13999938964844,218.63500213623047,,
VRTX,VRTX,Stocks,EQUITY,NMS,496.83,529.07,453.3575,453.3575,453.3575,1.0,1.0,,mean of H/L means 12/5 & 12/8 (§20.2031-2(b)),,462.0,454.4599914550781,458.22999572753906,457.1700134277344,439.79998779296875,448.48500061035156,,
VRT,VRT,Stocks,EQUITY,NYQ,254.89,293.71,185.065,185.065,185.065,1.0,1.0,,mean of H/L means 12/5 & 12/8 (§20.2031-2(b)),,189.66000366210938,180.10000610351562,184.8800048828125,188.5,182.0,185.25,,
VWDRY,VWDRY,Stocks,EQUITY,PNK,8.45,11.3,8.3125,8.3125,8.3125,1.0,1.0,,mean of H/L means 12/5 & 12/8 (§20.2031-2(b)),,8.350000381469727,8.199999809265137,8.275000095367432,8.40999984741211,8.289999961853027,8.349999904632568,,
VTRS,VTRS,Stocks,EQUITY,NMS,14.93,16.655,11.0125,11.0125,11.0125,1.0,1.0,,mean of H/L means 12/5 & 12/8 (§20.2031-2(b)),,11.020000457763672,10.800000190734863,10.910000324249268,11.289999961853027,10.9399995803833,11.114999771118164,,
VKTX,VKTX,Stocks,EQUITY,NCM,33.84,33.85,38.215,38.215,38.215,1.0,1.0,,mean of H/L means 12/5 & 12/8 (§20.2031-2(b)),,39.47999954223633,38.04999923706055,38.76499938964844,39.08000183105469,36.25,37.665000915527344,,
VCISY,VCISY,Stocks,EQUITY,PNK,41.46,33.08,35.075,35.075,35.075,1.0,1.0,,mean of H/L means 12/5 & 12/8 (§20.2031-2(b)),,35.18000030517578,34.86000061035156,35.02000045776367,35.25,35.0099983215332,35.1299991607666,,
V,V,Stocks,EQUITY,NYQ,320.14,369.075,329.14,329.14,329.14,1.0,1.0,,mean of H/L means 12/5 & 12/8 (§20.2031-2(b)),,334.1099853515625,326.3999938964844,330.25498962402344,331.3399963378906,324.7099914550781,328.0249938964844,,
VLVLY,VLVLY,Stocks,EQUITY,PNK,38.85,36.06,31.47,31.47,31.47,1.0,1.0,,mean of H/L means 12/5 & 12/8 (§20.2031-2(b)),,31.600000381469727,31.3799991607666,31.489999771118164,31.530000686645508,31.3700008392334,31.450000762939453,,
WAB,WAB,Stocks,EQUITY,NYQ,263.95,285.34,213.6075,213.6075,213.6075,1.0,1.0,,mean of H/L means 12/5 & 12/8 (§20.2031-2(b)),,215.07000732421875,213.00999450683594,214.04000091552734,216.02999877929688,210.32000732421875,213.1750030517578,,
WMT,WMT,Stocks,EQUITY,NMS,127.95,105.995,114.56,114.56,114.56,1.0,1.0,,mean of H/L means 12/5 & 12/8 (§20.2031-2(b)),,116.2699966430664,114.68000030517578,115.4749984741211,114.98999786376953,112.30000305175781,113.64500045776367,,
WBD,WBD,Stocks,EQUITY,NMS,28.17,28.125,26.5225,26.5225,26.5225,1.0,1.0,,mean of H/L means 12/5 & 12/8 (§20.2031-2(b)),,26.100000381469727,24.979999542236328,25.539999961853027,28.170000076293945,26.84000015258789,27.505000114440918,,
WMG,WMG,Stocks,EQUITY,NMS,28.6,28.125,28.24,28.24,28.24,1.0,1.0,,mean of H/L means 12/5 & 12/8 (§20.2031-2(b)),,28.860000610351562,28.1200008392334,28.49000072479248,28.690000534057617,27.290000915527344,27.99000072479248,,
WCN,WCN,Stocks,EQUITY,NYQ,172.13,163.18,172.72,172.72,172.72,1.0,1.0,,mean of H/L means 12/5 & 12/8 (§20.2031-2(b)),,174.8000030517578,172.55999755859375,173.68000030517578,173.16000366210938,170.36000061035156,171.76000213623047,,
WM,WM,Stocks,EQUITY,NYQ,240.84,218.4,212.8875,212.8875,212.8875,1.0,1.0,,mean of H/L means 12/5 & 12/8 (§20.2031-2(b)),,215.38999938964844,212.91000366210938,214.1500015258789,213.25,210.0,211.625,,
WFC,WFC,Stocks,EQUITY,NYQ,81.45,88.825,90.2075,90.2075,90.2075,1.0,1.0,,mean of H/L means 12/5 & 12/8 (§20.2031-2(b)),,91.11000061035156,89.55000305175781,90.33000183105469,91.0199966430664,89.1500015258789,90.08499908447266,,
WDC,WDC,Stocks,EQUITY,NMS,279.7,486.7,167.805,167.805,167.805,1.0,1.0,,mean of H/L means 12/5 & 12/8 (§20.2031-2(b)),,169.47000122070312,162.0,165.73500061035156,173.0,166.75,169.875,,
WING,WING,Stocks,EQUITY,NMS,259.51,109.08,254.42,254.42,254.42,1.0,1.0,,mean of H/L means 12/5 & 12/8 (§20.2031-2(b)),,263.739990234375,254.8000030517578,259.2699966430664,258.0199890136719,241.1199951171875,249.5699920654297,,
WTKWY,WTKWY,Stocks,EQUITY,PNK,81.14,78.0,103.11,103.11,103.11,1.0,1.0,,mean of H/L means 12/5 & 12/8 (§20.2031-2(b)),,105.3499984741211,103.66000366210938,104.50500106811523,102.52999877929688,100.9000015258789,101.71500015258789,,
XEL,XEL,Stocks,EQUITY,NMS,83.36,76.79,76.8275,76.8275,76.8275,1.0,1.0,,mean of H/L means 12/5 & 12/8 (§20.2031-2(b)),,77.94999694824219,76.9800033569336,77.46500015258789,77.1500015258789,75.2300033569336,76.19000244140625,,
YUM,YUM,Stocks,EQUITY,NYQ,168.16,149.57,144.765,144.765,144.765,1.0,1.0,,mean of H/L means 12/5 & 12/8 (§20.2031-2(b)),,146.9600067138672,144.91000366210938,145.93500518798828,144.9199981689453,142.27000427246094,143.59500122070312,,
YAHOY,YAHOY,Stocks,EQUITY,PNK,4.9,6.78,5.32,5.32,5.32,1.0,1.0,,mean of H/L means 12/5 & 12/8 (§20.2031-2(b)),,5.349999904632568,5.300000190734863,5.325000047683716,5.340000152587891,5.289999961853027,5.315000057220459,,
ZION,ZION,Stocks,EQUITY,NMS,57.28,68.9,55.6675,55.6675,55.6675,1.0,1.0,,mean of H/L means 12/5 & 12/8 (§20.2031-2(b)),,56.060001373291016,55.29999923706055,55.68000030517578,56.0,55.310001373291016,55.65500068664551,,
ZURVY,ZURVY,Stocks,EQUITY,OQX,37.65,36.45,35.825,35.825,35.825,1.0,1.0,,mean of H/L means 12/5 & 12/8 (§20.2031-2(b)),,36.040000915527344,35.7400016784668,35.89000129699707,35.84000015258789,35.68000030517578,35.760000228881836,,
AGNC,AGNC,Other,EQUITY,NMS,11.21,10.745,10.565,10.565,10.565,1.0,1.0,,mean of H/L means 12/5 & 12/8 (§20.2031-2(b)),,10.670000076293945,10.470000267028809,10.570000171661377,10.649999618530273,10.470000267028809,10.559999942779541,,
AMT,AMT,Other,EQUITY,NYQ,191.86,177.31,179.67,179.67,179.67,1.0,1.0,,mean of H/L means 12/5 & 12/8 (§20.2031-2(b)),,180.3699951171875,178.10000610351562,179.23500061035156,183.30999755859375,176.89999389648438,180.10499572753906,,
AVB,AVB,Other,EQUITY,NYQ,177.23,184.06,,,,1.0,2.793,2026-08-17 2.793:1,no bars on 12/5 or 12/8,no DOD bars,,,,,,,,
EQIX,EQIX,Other,EQUITY,NMS,974.26,1050.425,739.5475,739.5475,739.5475,1.0,1.0,,mean of H/L means 12/5 & 12/8 (§20.2031-2(b)),,747.8800048828125,724.7100219726562,736.2950134277344,748.3900146484375,737.2100219726562,742.8000183105469,,
ESS,ESS,Other,EQUITY,NYQ,255.11,279.18,255.3725,255.3725,255.3725,1.0,1.0,,mean of H/L means 12/5 & 12/8 (§20.2031-2(b)),,258.7799987792969,255.0,256.88999938964844,255.6999969482422,252.00999450683594,253.85499572753906,,
HST,HST,Other,EQUITY,NMS,19.59,22.09,17.2275,17.2275,17.2275,1.0,1.0,,mean of H/L means 12/5 & 12/8 (§20.2031-2(b)),,17.420000076293945,17.110000610351562,17.265000343322754,17.34000015258789,17.040000915527344,17.190000534057617,,
PLD,PLD,Other,EQUITY,NYQ,142.57,138.643,127.795,127.795,127.795,1.0,1.0,,mean of H/L means 12/5 & 12/8 (§20.2031-2(b)),,128.8300018310547,127.7699966430664,128.29999923706055,127.97000122070312,126.61000061035156,127.29000091552734,,
PSA,PSA,Other,EQUITY,NYQ,307.06,302.48,272.7425,272.7425,272.7425,1.0,1.0,,mean of H/L means 12/5 & 12/8 (§20.2031-2(b)),,276.5899963378906,271.3699951171875,273.97999572753906,273.5400085449219,269.4700012207031,271.5050048828125,,
SPG,SPG,Other,EQUITY,NYQ,203.85,211.695,182.2375,182.2375,182.2375,1.0,1.0,,mean of H/L means 12/5 & 12/8 (§20.2031-2(b)),,183.72000122070312,182.14999389648438,182.93499755859375,183.1300048828125,179.9499969482422,181.54000091552734,,
VTR,VTR,Other,EQUITY,NYQ,86.16,90.69,80.7025,80.7025,80.7025,1.0,1.0,,mean of H/L means 12/5 & 12/8 (§20.2031-2(b)),,80.87000274658203,79.48999786376953,80.18000030517578,81.8499984741211,80.5999984741211,81.2249984741211,,
WELL,WELL,Other,EQUITY,NYQ,207.12,239.021,203.365,203.365,203.365,1.0,1.0,,mean of H/L means 12/5 & 12/8 (§20.2031-2(b)),,205.0399932861328,203.0500030517578,204.0449981689453,204.86000061035156,200.50999450683594,202.68499755859375,,
